Rent,House size,Bedrooms,Distance ,Age of Property,Bathrooms,Security Rating,Local Pop. Density,Monthly Income Owner
923000,134.7,3,0.5,14.8,3,4.3,4448,370000
739000,169.3,4,27.68,5.5,4,4.6,1341,552000
701000,81.3,3,3.42,4.9,3,5.7,4157,508000
707000,120.1,3,0.5,8.4,3,4.5,7280,461000
150000,89.6,2,50.01,3.9,1,8.2,1774,519000
1133000,159.5,4,0.5,16.1,3,3.3,3767,409000
1330000,201.9,5,3.73,10,4,6.6,4139,462000
882000,133.3,3,8.04,15.2,2,8.8,800,552000
150000,44.7,1,11.21,12.1,1,2.5,1089,361000
819000,133.9,3,7.76,13.7,2,6.8,2279,664000
547000,110,3,3.78,25.2,2,5.8,5462,592000
910000,128.2,4,1.28,7.5,4,4.3,9267,443000
809000,88.5,3,2.89,4,2,6.9,7629,499000
897000,152.5,4,0.5,20.8,3,2.4,2389,529000
893000,86.1,3,0.5,4.6,3,10,5761,515000
365000,72.8,2,0.5,18.7,1,6,5005,477000
365000,74.9,2,12.43,10.1,1,8.8,4752,437000
814000,76.8,2,3.7,3.7,2,4.2,2107,396000
541000,88.4,3,4.96,14.4,3,5.3,841,458000
406000,71.1,2,4.65,18.6,2,5.2,2807,495000
440000,90.6,2,6.16,28.2,2,7.5,5613,463000
873000,127,4,4.22,16.4,3,7.6,2974,512000
640000,92,3,0.5,4.6,3,2.5,3031,345000
719000,107.1,3,4.45,14.5,2,5.7,2625,491000
1508000,210.7,5,2.45,1.8,4,7.9,7756,603000
405000,58.6,1,0.5,20.1,1,9.5,4843,301000
1309000,202.6,4,4.7,7.5,4,7.4,5283,569000
512000,61.8,2,0.5,9.3,1,7.6,3604,499000
927000,152.4,4,2.62,9.2,3,3.3,4535,405000
400000,78.7,3,10.31,13,3,5.5,1710,390000
792000,129.2,4,4.5,16.8,3,6.1,6477,496000
889000,128.1,4,12.32,8.7,4,6.9,8065,553000
975000,99.1,3,0.5,10.8,3,8.1,2295,375000
275000,55.7,1,3.4,13.8,1,5.4,5584,378000
811000,133,4,20.24,3.8,4,8,2035,483000
311000,52.4,1,3.22,15,1,6.2,907,372000
1128000,137,4,0.5,12.2,4,9.9,7417,548000
744000,125.9,4,11.42,5.4,3,7.1,3268,584000
354000,48.1,1,3.89,7.8,1,4.5,3728,417000
790000,120.1,3,6.98,1.4,2,4.1,5295,409000
150000,34.1,1,9.97,8.9,1,6.7,1276,373000
459000,68.6,2,1.92,16,1,5.1,3130,375000
243000,49,1,4.51,4.7,1,3.4,5204,275000
511000,84.8,3,7.89,14.4,3,5.9,3849,438000
506000,88.1,2,2.57,7.7,1,2.5,6641,468000
661000,113.3,3,16.16,12.3,2,7.2,3011,571000
891000,135.3,3,5.23,9.4,2,6.3,5966,477000
150000,30.7,1,8.19,10.8,1,7.7,7220,432000
337000,78,2,13.63,15.6,2,6.8,5520,350000
150000,93.4,3,33.98,20.4,2,6.3,1954,544000
1211000,148.2,5,1.45,11.9,4,8.4,6346,622000
460000,70.2,2,8.21,8,1,3.7,5356,407000
1223000,170.3,5,4.29,3,4,4.9,3920,465000
548000,100.9,3,13.71,13.2,3,4.5,7117,466000
150000,50.6,1,24.92,6.9,1,7.2,3396,281000
256000,85.9,2,9.46,40,1,5.5,6801,391000
515000,79.1,3,3.38,10.9,3,6.1,8864,379000
446000,56.8,2,6.38,8.9,2,6.1,3875,265000
813000,112,3,1.65,0.6,3,5.5,6782,369000
874000,118.3,4,5.31,10.6,3,7.6,6290,494000
226000,77.6,2,15.73,12.3,2,7.2,4985,548000
888000,117.3,3,3.03,12.2,2,2.7,2216,468000
544000,108.9,3,3.94,10.6,3,3.2,1989,363000
435000,93.1,2,0.5,19.4,2,3.7,2618,423000
1299000,182.2,5,2.68,7.8,4,8.6,4975,695000
803000,152.5,4,8.9,17,4,3,5525,511000
278000,77.3,2,7.07,23.1,1,3.4,5138,363000
417000,97.3,3,15.24,18.6,3,6.2,3023,664000
677000,109.7,4,12.77,16.6,4,9.3,1703,514000
636000,80,3,4.44,11.8,2,6.7,2691,579000
150000,94.2,3,35.02,20,3,5.9,3651,504000
755000,123.4,3,11.3,9.9,2,8.1,3598,492000
826000,123.2,4,6.56,7.2,3,5.9,800,614000
528000,63.7,2,3.42,7.3,1,8.9,5172,380000
1266000,202.3,5,0.5,13.8,4,4.4,7197,443000
1126000,191.8,5,6.39,15,4,7.5,3156,515000
915000,148,4,4.45,14.3,3,9.1,4580,449000
150000,182.3,5,60.89,27.3,4,4.4,800,558000
1133000,185.9,5,7.46,13.1,4,4,5748,487000
839000,132.8,3,0.5,11.9,2,4.3,4463,446000
409000,59.5,2,6.82,12.7,2,8.2,5783,614000
1265000,208.3,5,5.52,14.3,4,3.6,1415,511000
598000,105.1,3,17.27,10.5,2,7.8,3139,597000
1137000,169.9,5,0.5,8.3,4,4.8,7996,694000
928000,100.3,3,3.27,0,2,8.2,3888,462000
838000,126.8,3,8.99,13,3,9.8,5689,412000
281000,147.2,4,48.49,14.5,4,6.5,800,506000
1183000,189.6,5,7.2,15.3,4,5.3,4557,701000
1434000,213.4,5,2.24,9.5,4,6.1,7491,433000
1096000,177.8,5,8.69,9.7,4,4.1,5442,565000
1069000,206.8,5,19.53,7.6,4,4.6,4401,390000
675000,87.8,2,1.86,4,1,4.9,7010,415000
658000,121.3,3,6.86,15.1,2,3.6,3906,560000
150000,118.8,3,35.13,35.2,3,5.4,1258,381000
267000,64.5,2,7.03,15.2,2,3.7,6497,465000
1178000,134.6,4,0.73,0,4,6.1,4658,615000
1194000,149.1,5,1.95,5.1,4,5.6,3323,564000
178000,48.9,2,22.08,1.9,2,6,800,432000
1238000,205.4,5,6.52,8.7,4,8.6,4691,526000
1381000,191.1,5,1.37,10.2,4,7,6938,608000
1048000,123,3,0.5,14.9,2,4.7,6594,584000
1348000,211.2,5,8.18,2.5,4,5.4,6138,582000
455000,53.9,2,1.74,7.1,2,4.9,4058,487000
679000,132.4,3,9.15,15.4,3,10,1187,578000
286000,30,1,3.24,11.7,1,8.2,7839,395000
758000,84.7,3,1.7,0,2,5.5,7314,433000
843000,125.7,4,9.56,15.2,4,8,5386,578000
484000,72.2,2,6.04,21.5,2,8.1,7311,369000
460000,84.7,2,7.54,13.4,1,8.7,1729,462000
347000,42.7,1,0.5,6.1,1,6.4,6019,409000
1267000,172.1,5,0.5,0,4,6,2574,577000
1404000,222.4,5,5.8,12.2,4,4.5,1320,539000
864000,131.6,4,0.5,16.2,3,5.4,4281,539000
425000,94,3,17.01,14.6,2,4.5,2088,433000
611000,112.4,4,10.11,13.9,3,5.9,2962,412000
948000,127.5,3,4.72,3.1,3,4,3720,516000
806000,122.2,3,3.76,12.3,3,4.7,5707,379000
375000,67.8,2,6.36,16.2,2,4.1,1746,477000
1364000,198.4,5,2.77,7,4,3.9,5412,625000
1115000,167.1,4,0.5,15,4,7.1,5547,646000
824000,168.3,4,11.1,18.6,3,6,6781,451000
898000,154.3,5,14,15.5,4,4.1,4317,546000
771000,83.2,3,0.5,15,3,7.7,6654,417000
698000,136.3,4,14.28,15.4,4,5.7,4286,467000
622000,110.6,3,5.34,7.1,2,5.1,11737,416000
534000,74.1,2,10.5,13.1,1,9.3,6842,349000
560000,100.2,2,0.5,5.5,2,6,8952,275000
538000,96.2,3,10.22,2.2,3,5.8,3105,302000
1116000,166.2,4,5.8,9.5,4,7.6,2346,599000
150000,69.3,2,26.15,10.8,1,4.8,800,398000
150000,112,3,27.5,12.3,2,3.5,1744,589000
296000,30,1,0.82,25.3,1,5.9,5033,465000
703000,158.8,4,17.77,22.8,4,7.4,3968,380000
1097000,186.7,5,1.74,13.6,4,7.7,6033,565000
623000,80.2,2,1.08,11.9,1,6.4,4931,564000
150000,64.5,2,16.39,16,2,6,6870,393000
1101000,180.2,5,5.91,19,4,5.4,3731,560000
814000,100.3,4,6.35,10.2,4,4.6,3833,614000
150000,60.6,2,17.3,29.2,1,7,6726,440000
966000,121.3,3,4.01,11.5,3,8.6,5745,507000
865000,101.2,3,1.78,17.5,3,7.9,2365,492000
879000,129.1,3,8.34,9.7,3,8.5,5320,460000
640000,141.3,5,12.67,40.1,4,5.8,1077,510000
1437000,207.8,5,2.46,12.6,4,7.2,5602,664000
738000,104.4,2,2.66,5.5,1,5.7,8348,492000
682000,100.7,3,0.5,11.7,3,4.6,3943,530000
492000,61.7,1,0.5,7.3,1,9.8,4639,405000
828000,119,3,8.07,0,3,6.5,8283,461000
1163000,193.6,4,2.55,6,3,5.4,7921,555000
624000,114.5,3,0.5,7.7,2,4.2,3042,513000
378000,67.5,2,1.46,15.1,1,3.5,4621,404000
620000,111.3,3,10.48,20.5,3,6.8,6358,573000
292000,46.7,2,17.52,2.3,2,8.2,1047,447000
976000,160.7,4,7.94,7.9,3,7.8,5687,499000
846000,126.3,4,1.53,11.6,3,5.9,5813,460000
924000,111.4,3,1.84,0,3,4.2,4444,336000
513000,101.2,3,18.54,3.7,2,6.5,800,531000
864000,129.1,3,1.88,10.4,3,5,3782,300000
209000,122.5,3,36.84,7.1,2,6.3,893,427000
1105000,162.6,4,2.58,14.1,3,6.4,4273,563000
363000,70.6,2,7.36,32.9,2,5.2,3438,349000
741000,123.9,3,7.21,3.9,3,1.9,4656,516000
395000,93.3,2,5.47,11.8,1,4.5,4358,392000
895000,115.6,3,2.61,16.7,3,6,7853,521000
150000,60.9,2,12.07,14.8,2,5.1,1481,353000
476000,60.5,2,3.82,23.2,2,7,1307,389000
907000,120.5,3,3.48,13.9,3,5.3,4031,569000
922000,162.3,4,6.91,8.8,4,5.9,3073,598000
1095000,169.6,4,2.55,9.4,3,3.6,7512,547000
1195000,229.6,5,12.53,12.9,4,6.4,2630,478000
508000,97.4,3,13.06,13.9,2,5.4,2909,381000
376000,51.1,1,0.61,12.2,1,10,3455,267000
1426000,214.4,5,2.05,21.3,4,7.6,2833,499000
983000,119.8,4,1.66,13,3,8.1,3790,455000
179000,47.3,2,6.38,22.4,1,6.9,2795,519000
599000,101.2,3,1.4,16.1,3,5.8,4341,368000
687000,105.2,3,0.5,13.6,3,5.8,5352,560000
600000,95.8,2,0.91,10.1,2,4.5,2808,320000
520000,147.2,3,26.89,2.3,3,6.5,1531,472000
1053000,122.8,4,0.5,11.8,4,5.9,4194,598000
1107000,173.7,5,12.83,3.1,4,7.7,4253,474000
532000,90.9,3,8.26,4.1,3,5.8,5597,482000
341000,108.1,3,27.32,9.5,2,6.9,3802,444000
396000,99.6,3,7.38,22.4,3,3.7,2360,364000
1117000,144.5,3,0.5,1.1,3,4.4,6408,502000
638000,114,2,0.5,11.6,1,5.8,7863,458000
150000,67,2,16,15.5,2,5.4,1913,339000
897000,171.6,5,5.92,20.6,4,5.7,3975,501000
577000,93.4,3,2.16,20.7,2,5.3,3608,483000
856000,138.2,4,19.05,0.9,3,6.4,3252,513000
594000,112.4,3,4.19,13.9,3,3.5,6902,463000
981000,142.3,4,5.46,4.1,3,7,5117,549000
150000,48.9,2,10.62,19.4,1,7.7,4921,250000
150000,37.4,1,23.54,1.5,1,2.2,2337,463000
988000,161.3,4,8.6,9.7,4,7.7,4774,545000
656000,127.3,4,12.98,19.5,4,4.6,2734,476000
723000,142.9,4,15.64,12.6,4,1,1505,558000
647000,85,3,7.37,7.9,2,4.1,3847,424000
588000,76.5,2,0.5,14.5,2,6.5,7616,401000
268000,36.6,1,11.62,0,1,9.2,2853,421000
785000,113.3,3,0.5,21.8,3,7.3,4613,395000
605000,87.6,2,0.5,5.9,2,3.1,4939,357000
427000,82.8,2,2.82,22.4,1,4.6,3982,400000
617000,85.8,2,2.24,6.9,2,6,5823,578000
487000,120.5,3,17.37,5.6,3,6,800,567000
797000,118.6,4,0.5,12.4,4,5.7,8070,557000
1411000,178.3,4,1.41,0,3,7.5,5172,533000
1189000,148.2,4,5.72,1,3,4.8,1661,509000
334000,140.4,4,29.61,15.6,4,4.3,1850,578000
509000,81.2,3,7.16,11.9,3,4.6,5395,502000
595000,139.8,4,24.4,20.9,4,7.5,1492,499000
516000,92.4,3,5.55,16.7,3,6.7,2954,400000
598000,89.9,2,4.43,3,1,3.2,2740,412000
628000,128.1,3,3.87,20.3,3,4.3,3523,461000
454000,79.6,2,7.83,23,2,6.8,3547,421000
898000,97.1,3,5.38,3.4,2,3.6,7283,372000
996000,163.3,4,0.6,10.9,3,4.8,6786,481000
719000,101.3,2,9.51,9.9,2,6.9,1852,525000
277000,83.7,3,12.98,21.3,3,5,6662,381000
150000,56.8,2,17.48,7.3,2,4.1,1479,477000
575000,110.1,3,1.65,10.3,2,2.3,7176,583000
372000,35.1,1,0.5,0,1,6.8,6177,470000
1025000,152.7,4,0.5,6,3,4.5,4327,508000
869000,138.6,3,5.72,9,2,6.2,3921,396000
1245000,185.2,5,0.5,8.9,4,5.3,3032,382000
873000,134.4,4,4,21,4,4.6,3793,495000
150000,30,1,16.34,17.5,1,5.2,800,234000
1217000,170,4,1.34,5.4,3,5.8,2353,515000
883000,111.7,3,0.5,11.6,3,6.9,3305,498000
949000,142.4,4,8.73,0.5,4,7.7,2206,492000
787000,125.1,4,6.28,17.5,4,6.7,6101,584000
1012000,193.5,4,5.88,9.8,3,4,5070,379000
150000,73.7,2,44.09,7.7,1,6.2,800,338000
823000,93.9,3,1.09,3.9,3,8.1,6258,438000
706000,112.5,3,3.21,17.3,3,3.8,5197,466000
274000,66.8,2,6.84,26.8,1,3.6,4744,535000
150000,106.8,2,32.87,4.5,2,5.6,800,426000
1068000,154.4,4,0.5,6.7,4,7.6,2421,568000
832000,113.9,3,3.93,4.7,3,4.9,800,500000
706000,98.9,2,1.96,13,2,4.2,6002,384000
455000,72.4,2,6.16,5.1,2,7.4,6468,433000
1257000,142.7,3,3.43,2.4,3,9.5,2920,571000
281000,68.3,2,8.81,11.8,1,4.2,800,407000
383000,66,2,0.5,17,1,5.3,7208,509000
721000,125.9,3,5.42,11.9,2,4.5,1436,482000
292000,60.2,2,0.5,22.1,2,4.6,6480,397000
1050000,150.4,4,0.5,9.3,3,8.3,6177,594000
502000,99.5,3,15.58,4.5,3,3.1,3265,564000
1265000,189.7,5,0.5,15.1,4,8.1,8406,623000
150000,38.3,1,13.14,21.6,1,3.2,2740,461000
846000,87.3,3,0.87,5.7,3,7.6,3788,630000
757000,123,3,8.24,13,2,3.9,3580,481000
644000,98.8,3,11.48,0,2,6.4,5020,540000
732000,97.3,3,9.92,8.1,2,4.8,2480,399000
713000,84.3,3,0.5,8,2,5.5,6675,560000
864000,153,4,8.35,23.1,4,7.3,3756,431000
184000,40.8,1,4.05,9.9,1,3.8,6146,241000
742000,142,3,0.5,12.1,2,4.5,5547,398000
707000,85.2,3,0.5,17,2,10,3305,551000
928000,128.6,3,0.61,19.7,2,6.5,2473,460000
845000,115,4,2.81,13.4,3,5.8,800,654000
1042000,154.5,3,2.73,9.4,2,6.7,4072,579000
544000,104.4,3,7.77,10.7,2,3.3,3993,411000
656000,107.3,3,11.66,6.3,3,7.4,2454,454000
810000,122.5,3,5.22,15.6,2,7.1,7800,489000
150000,38.6,1,3.41,13.2,1,6.5,6275,323000
1449000,200.2,5,2.14,3.6,4,6.5,9324,438000
395000,104.8,3,13.88,16.7,2,3.8,2953,430000
562000,106.1,3,14.08,11.3,2,8,2344,663000
648000,119,4,11.96,11.7,3,4.9,800,550000
650000,98.7,3,5.74,6.9,2,4.2,6429,429000
319000,64.5,1,5.71,2.4,1,3,5419,428000
150000,43,1,12.04,14.2,1,4.9,5700,254000
516000,85.3,3,6.57,14.9,3,7.5,3694,477000
1114000,127.4,3,0.5,5.8,2,7,2669,490000
751000,93.2,2,1.16,6,1,9.6,6078,218000
566000,112.7,3,2.68,11.3,2,2.5,800,362000
1023000,117,3,2.68,7,3,8,5173,412000
1255000,148.9,4,0.5,1.8,4,6.4,5672,537000
1047000,182.2,5,5.23,2,4,4,7756,438000
684000,143.4,3,12.26,7.5,3,5.1,2879,451000
463000,93.2,2,5.21,6.9,2,4.5,2823,467000
573000,118.6,3,16.18,0,3,4.9,4083,435000
633000,98.7,3,7.55,7.7,3,7,4714,426000
868000,118.4,3,1.71,8.9,3,5.4,3690,553000
467000,79.3,2,4.34,16.3,1,5.1,4726,543000
754000,106,3,1.01,17,2,3.6,1087,591000
150000,89.8,2,32.85,12.1,1,7.2,800,330000
150000,30,1,12.65,6.7,1,5.7,1579,477000
809000,133.5,4,3.76,8,3,5.7,5841,593000
265000,31.3,1,2.64,10,1,7.6,6459,264000
643000,127.2,3,3.17,26.9,2,3.6,4677,442000
962000,146,4,6.42,13.2,3,4.2,4901,488000
820000,108.9,3,1.9,12.5,2,6.3,3735,359000
246000,60.9,2,21.74,5.8,1,4.9,800,475000
819000,132.7,4,12.8,22.7,4,6.2,4160,607000
640000,88.4,3,1.48,12.2,3,3.9,5126,479000
505000,89.9,3,8.71,24.4,3,6.1,3474,480000
951000,167.9,4,7.88,4.1,4,4.3,3474,412000
287000,48.1,2,4.28,12.6,2,6.3,4009,322000
150000,84.5,3,31.59,7.5,3,5.1,800,479000
292000,146.5,4,36.46,11.5,3,6.6,1379,603000
514000,100.2,2,11.53,6.2,1,7.7,5718,240000
540000,84.8,2,9.67,2.3,1,4.8,1588,343000
282000,34.2,1,3.3,1.9,1,6,3047,422000
180000,30,1,8.39,7.3,1,8.2,3124,248000
238000,52.9,2,15.78,20.2,1,6.4,4398,469000
621000,156.5,4,13.16,16.2,3,5,5029,433000
528000,101.8,3,16.14,6.4,2,6.7,4767,447000
450000,54.7,2,1.07,21.2,2,7.6,7381,473000
1074000,188.2,4,5.88,18.7,3,6.1,2177,426000
777000,143.7,3,10.58,5.3,2,7.6,3271,358000
1308000,186.7,5,3.46,8.7,4,6.8,5055,718000
830000,119.9,3,4.71,2.8,2,7,4893,583000
841000,163.4,4,12.22,9,3,8.2,800,530000
827000,113.4,3,9.14,8.8,2,7.6,5759,432000
664000,131.7,3,2.61,17,2,5,1620,463000
766000,143.2,5,19.85,7.3,4,5.9,800,580000
394000,64,2,4.07,13.2,2,4.4,3850,413000
218000,30,1,2.54,24.4,1,4.5,4493,515000
587000,91.8,2,4.47,9.1,1,6,4303,399000
459000,66.8,2,0.69,5,2,4.6,5093,304000
897000,108,3,0.5,5.1,3,5.6,3107,491000
150000,46.4,1,17.89,28.1,1,7.8,2578,378000
1058000,139.7,5,7.46,10.5,4,8.4,4807,552000
773000,125.5,3,9.76,6.5,2,3.6,800,514000
476000,116,3,19.99,6.3,2,8.8,2059,350000
1005000,167.8,5,9.4,13.5,4,6.5,4994,520000
851000,173.5,4,17.86,20.7,3,8,4814,475000
664000,93.7,3,9.14,4.6,2,9.2,5384,544000
150000,42.2,1,17.15,11.9,1,7.3,1565,488000
394000,69.7,3,10.92,10.9,2,6.6,2508,377000
686000,113.4,3,4.42,14.9,2,6.3,4298,487000
534000,86.3,2,3.75,12.9,2,7.4,5519,623000
293000,72.8,2,10.38,30.2,2,9.6,3956,431000
874000,149.8,3,8.84,1.8,3,7.2,2993,562000
1119000,165.4,4,0.8,10.4,4,6.5,1315,537000
892000,104.8,3,3.4,7,3,10,1122,487000
1019000,164.2,5,4.2,10.2,4,2.9,3700,602000
228000,48.6,2,9.15,11.6,1,4.3,8132,425000
849000,120.9,3,5.83,6.9,3,7.4,5310,429000
779000,120.6,3,4.1,10.5,3,9.7,3546,401000
150000,120.3,3,46.9,13.1,2,3.9,800,439000
770000,102.2,2,0.5,9.2,1,8.8,5771,527000
507000,68.1,2,0.5,13.1,1,6.7,2338,401000
271000,31.7,1,0.5,13.4,1,6.2,3063,455000
1025000,177,4,10.77,8.7,4,7.6,2748,428000
654000,84.4,2,3.09,3.1,2,7.2,3730,630000
745000,100.5,3,0.5,10.4,2,4.8,6935,328000
319000,99.4,3,5.22,14.9,3,6.1,2396,437000
833000,177.5,4,20.37,17.2,3,5.8,800,666000
935000,150.6,4,13.89,15,3,5.3,6747,612000
522000,120.8,3,18.18,15.3,3,8.3,1981,514000
445000,66.2,2,0.5,19,2,6.6,8387,450000
316000,88,3,14.19,11.8,3,7.8,7017,351000
1266000,202,4,8.23,12.2,4,7.5,5948,418000
647000,115.9,4,3.19,16,4,8.1,6322,424000
766000,149.4,4,26.04,6.9,3,7.9,3673,526000
465000,94.7,3,9.63,15.2,3,4.3,1615,533000
256000,63.2,1,11.1,9.6,1,8.1,7142,307000
517000,81.4,3,0.5,18.5,3,5.1,6049,478000
475000,98.9,3,24.67,7.8,2,9.1,2468,475000
592000,85,2,8.09,0.2,1,7.3,5737,542000
537000,92.3,3,1.64,17.1,3,4.5,6136,497000
929000,123.1,4,0.5,19.2,4,6.7,5490,623000
559000,99.8,4,4.04,16.2,3,5,3557,445000
1115000,152.2,5,0.5,9.5,4,6,1837,683000
685000,101.6,3,4.23,19.4,2,4.7,5736,625000
404000,65.6,2,12.05,2.9,1,6.4,1738,436000
407000,39.3,1,0.5,12.2,1,8.3,7371,292000
310000,57,2,9.05,9.7,2,3.6,5999,587000
1046000,162.1,4,8.95,14.8,3,2.4,1965,547000
456000,52.8,2,0.89,13.7,2,8.2,6160,469000
588000,88.8,2,1.49,11.1,1,5.8,7135,399000
652000,88.7,3,3.03,19.9,3,6.5,3665,536000
1598000,237.4,5,1.08,3.7,4,8,4868,547000
246000,30,1,7.15,12.3,1,7.5,3213,496000
856000,104,3,0.5,7.4,3,5.6,4219,586000
928000,154.5,4,4.23,10.2,4,6.6,6374,593000
628000,73.1,2,0.5,3.9,2,4.3,2663,580000
815000,127.6,3,9.49,12.3,3,6.9,4136,539000
308000,35.7,1,7.12,14.5,1,5,800,462000
1151000,199.7,5,6.79,7.2,4,3.1,3734,499000
570000,104,3,6,6,2,2.8,1724,519000
843000,102.8,2,4.85,6.6,1,7.3,3806,377000
391000,58.4,2,0.5,12.4,2,6.8,4806,337000
903000,135.7,4,8.7,4.7,3,8.5,2346,474000
1096000,172.6,5,7.4,14.1,4,3.6,4454,581000
569000,91.1,3,13.1,12.5,3,7.2,3746,543000
626000,61.7,3,0.5,12.1,2,8.2,2539,317000
875000,125.1,4,9.2,5.1,4,3.7,2763,669000
591000,102.6,3,7.41,12.1,3,6,3756,574000
282000,93.9,2,24.6,12.7,1,5.1,996,503000
362000,85.4,2,5.67,23.2,1,5.4,3749,301000
822000,118.1,4,10.49,2.6,4,6.7,2932,349000
1306000,204.1,5,5.84,7.3,4,7.1,4376,500000
1143000,164.6,4,4.4,4.4,3,9.1,5942,421000
702000,126.2,3,4.14,8.3,3,4.1,8185,422000
697000,94.7,2,1.01,10.5,2,8.5,6273,415000
150000,39.7,1,13.96,0,1,4,2657,503000
153000,45,1,13.57,5.1,1,6.7,3231,353000
1197000,171,5,0.5,5.3,4,3.6,4270,648000
278000,111.3,3,13.01,24.8,3,7.9,800,398000
643000,97.6,3,3.87,7.2,2,5,3717,515000
273000,30,1,0.63,5.6,1,4.9,4737,442000
1218000,180,5,2.2,17.9,4,4.5,4535,572000
552000,62.3,2,0.5,4.1,2,4.3,1277,418000
662000,93.4,2,4.51,20.3,1,8.3,6235,556000
914000,135.5,3,15.43,3.7,2,7,800,453000
223000,58.7,2,14.05,8.1,1,5.2,800,543000
1026000,182.1,4,12.44,11.1,3,7.7,2960,613000
881000,182.9,5,22.53,9.4,4,9.7,4080,326000
1012000,190.2,5,17.45,7.2,4,4.3,5033,550000
278000,92,2,10.4,40.6,1,6.5,4825,182000
393000,36.2,2,3.57,11.4,2,3.1,2724,393000
524000,76.4,3,3.9,6.1,2,6.4,968,463000
780000,140.6,4,6.02,16.1,4,2.5,4401,471000
526000,74.2,3,8.3,6.4,2,4.5,4503,449000
348000,151,4,36.48,8.7,4,4.1,800,413000
164000,88.3,2,21.73,15.3,1,4.4,800,521000
649000,128.5,4,10.51,19,4,5.8,800,491000
1485000,216.3,5,3.7,4.6,4,6.1,3482,473000
809000,100.8,3,0.5,6,2,5.9,3856,512000
665000,112.2,3,0.5,28.2,2,5.3,4038,511000
287000,56.9,1,21.37,7.7,1,8.5,2348,519000
818000,146.4,3,1.09,21.3,3,4.4,5103,357000
543000,90.1,2,2.92,12.5,2,8.1,4163,521000
616000,87.1,3,11.75,0.8,2,6,6373,547000
481000,102.1,2,11.79,3.5,1,3.2,8922,501000
337000,37.8,1,11.02,11.2,1,8.6,7790,304000
1295000,169.5,5,8.35,15.3,4,9.3,5656,538000
1352000,220.2,5,6.07,7.9,4,6.4,1386,645000
345000,56.3,2,5.71,4.7,2,6.2,1463,514000
455000,68.1,2,15.78,6,2,7.4,6219,424000
811000,122.4,5,6.3,10.5,4,5.1,2808,394000
922000,162.8,4,2.34,24.1,3,7.1,5760,477000
516000,75.5,2,2.28,7.9,2,4.9,2812,455000
624000,62.6,2,5.03,12.2,2,7,4443,269000
681000,104.1,3,0.98,8.7,3,7.2,4738,531000
294000,76.1,3,16.46,30.1,3,9.4,2718,537000
323000,81.3,2,10.1,4.9,1,7,1524,387000
735000,92.7,3,7.49,10.3,3,8.9,5785,493000
534000,131.9,5,17.05,23.6,4,3.3,4241,647000
466000,106.8,3,23.18,6.6,2,5.8,800,554000
285000,89.1,3,31.58,2.2,2,8.1,4014,430000
1158000,189.8,4,4.12,7.7,4,4.9,3495,620000
230000,35.3,1,10.23,9.4,1,9.7,1111,135000
447000,89.4,3,8.39,4.4,3,5.6,3081,522000
1163000,158.2,5,7.03,1.4,4,4.5,3719,529000
1015000,151.7,4,5,13.6,4,7.8,1636,377000
610000,93.9,3,19.49,7.8,3,4.4,5176,454000
150000,37.5,1,12.69,45,1,4,3866,448000
452000,86.1,2,11.34,21.2,1,7.9,6611,359000
620000,147.7,4,33.12,8,4,5.8,800,634000
445000,33.2,1,2.61,4.3,1,7.1,2039,409000
1247000,147.4,3,0.5,2.3,2,4.3,4740,481000
663000,108.7,3,3.68,18.7,3,5,2748,422000
422000,78.2,2,4.21,7.5,2,5.2,5109,369000
786000,112.5,3,0.5,26.2,3,7.4,5959,499000
310000,49.7,2,6.1,10.4,2,5.3,5751,469000
1393000,187.9,4,4.69,2.4,3,9,5616,594000
1151000,221,5,12.1,22.6,4,3.7,1228,514000
1394000,215.1,5,2.83,17.4,4,6.5,6888,615000
150000,30,1,14.94,9.2,1,7,2756,463000
751000,101.9,3,5.16,13.1,2,8.8,4826,520000
237000,74.9,2,2.83,20.3,2,5.4,2829,314000
722000,91.3,3,2.57,2.1,3,6.6,6208,376000
350000,36.1,1,2.12,10.3,1,6.1,9470,509000
412000,101.4,3,17.82,17.6,2,7.2,2144,437000
231000,44.6,2,24.59,2.9,2,7.3,800,638000
227000,49,1,0.5,21.3,1,3,7772,361000
991000,118.2,4,0.5,16.2,3,7.4,4839,649000
797000,181.9,4,17.88,15.9,3,5.4,3717,461000
462000,62.8,2,0.93,17.7,2,10,2239,363000
386000,31.7,1,5.04,8.8,1,8.8,4401,337000
596000,131.9,4,17.54,21.7,3,5.2,2140,540000
774000,103.2,3,5.9,12,2,8.5,4494,412000
975000,149.9,4,0.97,14.7,4,5.2,3795,463000
192000,107,3,30.51,15,3,6.2,1931,576000
436000,65.3,2,0.5,24.5,2,5.3,3242,491000
712000,135,4,24.4,4.4,4,8.3,800,432000
531000,141.4,3,19.62,6.1,3,5.2,3701,383000
863000,128,4,3.49,7.1,4,6.1,6140,625000
637000,86.6,3,7.74,10.5,3,7,3933,579000
552000,87.1,2,8.51,12.8,2,6.6,913,468000
1111000,149.5,4,4.12,3.2,4,4.9,4426,543000
972000,123.9,3,0.5,3.2,2,6.5,3958,599000
1115000,165.9,4,2.76,11.9,4,5.3,5388,582000
626000,120.1,4,21.94,7.9,4,6.1,7501,489000
787000,127.3,3,3.98,9,3,6.6,3259,452000
288000,30,1,3.24,7.1,1,6.3,5777,340000
1184000,127.5,4,0.5,4.3,4,9.3,1735,501000
370000,85.8,2,8.23,23.3,1,4.9,4931,588000
491000,88.7,2,2.37,14.8,1,5.2,800,446000
450000,93.7,3,18.49,18.6,2,7.2,4043,491000
1384000,208.8,5,4.69,7.8,4,9.6,5712,550000
580000,104.7,3,14.71,15.7,2,3.9,5648,524000
1336000,228.8,5,5.4,9.9,4,5.5,2425,403000
523000,86.5,3,3.48,7.4,3,2.2,4772,387000
805000,95.6,3,1.72,12.9,2,10,5642,498000
701000,117.4,3,8.87,16.7,2,7.9,3742,534000
332000,80.8,3,20.26,6.1,2,5.6,800,352000
1078000,155.9,4,4.98,12.9,4,8.4,7019,453000
467000,124.9,4,11.92,32.1,4,1.9,1848,583000
519000,81.8,2,7.88,15.9,1,7.2,937,495000
797000,121.8,5,7.89,6.7,4,2.9,800,459000
724000,161.1,3,15.69,5.2,3,5.2,3513,610000
150000,85,2,16.08,33.5,2,8.8,4640,405000
1199000,183,4,0.5,1.8,3,6.2,5205,611000
1053000,176.3,4,4.75,10.5,4,2.9,8486,615000
390000,87,2,17.09,6,2,5.8,800,354000
461000,75,2,6,8.8,2,4.8,4322,477000
298000,71.4,2,11.03,9.8,1,7.2,3572,336000
1040000,167.6,5,0.83,30.4,4,5.6,980,575000
753000,74.7,2,6.76,5.9,1,7,4826,489000
1345000,190.5,5,0.5,16.2,4,6.8,5906,523000
718000,108.9,4,14.48,6,4,9.8,1763,528000
150000,68.8,2,23.88,12.1,2,3.7,800,322000
150000,54.3,2,15.78,13,1,4.3,4506,463000
544000,90.5,3,15.86,4.8,3,6,800,489000
748000,116.1,4,4.21,16.2,3,5.2,3548,533000
694000,111.5,3,10.93,4.6,2,9.2,3525,420000
150000,30,1,20.09,5.2,1,5,3924,336000
436000,81.2,2,12.96,8.2,2,6.8,1675,461000
861000,136.4,4,0.97,21.6,4,6.1,5293,469000
214000,46.3,1,8.84,9.4,1,4.7,800,342000
718000,103.2,3,0.5,8.7,3,7.8,1755,403000
1328000,218,5,5.65,30.5,4,9.8,3986,578000
150000,32.2,1,15.17,9.9,1,9.4,2103,271000
323000,40.2,1,0.5,6.3,1,7.1,3037,283000
737000,149.8,3,4.97,16.9,3,4.8,4857,465000
651000,63.5,2,2.11,3.2,1,4.9,2957,468000
604000,125.3,3,7.44,20.1,3,5.8,3305,394000
380000,84.3,3,14.71,5.4,3,2.7,1834,405000
334000,88,3,12.13,27.6,3,6.4,3046,257000
1452000,229,5,10.01,0.9,4,3.6,4359,497000
616000,93.9,3,3.14,7.9,3,3.5,7541,424000
495000,75.4,2,0.5,15.1,1,5.1,6245,431000
489000,73,2,6.04,8.2,2,6.2,1577,489000
593000,110,3,4.18,12.2,2,5.8,2980,419000
217000,40,2,12.33,1.2,1,4.4,2561,526000
150000,30,1,14.64,6.3,1,4.9,2878,505000
520000,112.6,3,8.36,17.9,2,5.7,5034,456000
275000,56.6,2,8.98,10.3,1,3.2,3966,392000
443000,89.6,3,18.99,12.9,3,3.6,2538,608000
604000,70.6,2,4.7,5.2,1,6.3,3647,559000
607000,79.3,3,1.46,9.1,2,4.3,4838,465000
921000,120.6,3,1.74,5.9,2,4,3474,436000
1160000,148.3,4,3.8,0,3,7.3,2727,550000
943000,123.5,3,0.5,11.2,3,5.5,6366,494000
670000,81.8,2,1.93,16.5,2,7.6,3787,448000
197000,30,1,5.65,15.8,1,4.6,5466,414000
871000,120.8,3,2.46,2.6,2,6.2,7600,537000
430000,62.6,2,4.27,6.1,1,5.2,3915,370000
865000,128.1,3,0.96,0,3,5.5,6417,391000
360000,88.8,2,7.32,14.1,1,6.8,1099,477000
486000,128.3,3,6.95,13.2,3,2,4043,511000
496000,103.5,2,14.89,5.2,1,5.9,3903,378000
1024000,146.2,4,3.7,0,3,2.9,2707,543000
551000,73.1,2,1.62,11.4,1,4.9,3042,489000
206000,37.9,1,11.75,9.6,1,6.4,2542,333000
451000,49.7,2,0.5,5.6,2,5.6,4663,445000
764000,130.3,4,3.1,24.8,3,6.4,4175,461000
635000,113.7,3,4.99,21.4,3,6.1,7058,470000
150000,30,1,23.36,17.8,1,8,3157,395000
213000,82.4,2,16.25,18.5,1,4,6586,325000
950000,118,3,5.16,0,2,6.3,2257,463000
590000,172.2,4,22.45,19,4,7.7,1395,400000
697000,125,3,10.56,7.2,2,4.7,4299,515000
817000,132.3,3,1.34,20.7,3,6.3,3684,456000
542000,131.7,3,27.3,3.9,3,7.3,1225,387000
868000,210.3,5,32.83,11.2,4,5,800,564000
565000,83.7,2,0.5,0,2,2.2,4715,337000
268000,84.5,2,19.1,14.4,2,4.7,2022,468000
500000,45.6,1,1.34,9.6,1,7.9,6433,442000
382000,65.4,2,10.06,7,1,9.3,5834,455000
452000,66.6,2,18.21,13.3,1,9.9,5453,490000
490000,103.5,4,18.09,6.3,4,4.9,2893,591000
471000,44.9,1,0.5,5.7,1,7,2161,471000
312000,62.5,2,0.5,24.4,2,4,6650,512000
822000,174.6,4,24.06,7.6,4,6.8,1184,658000
672000,86.8,3,1.51,12.3,2,5.7,1472,471000
1012000,214.3,5,19.47,23.2,4,8.2,800,528000
549000,127.2,3,17.27,13.7,3,5,800,450000
341000,81.6,2,7.93,13.5,1,7.2,4369,489000
572000,87.1,3,5.73,9.1,2,6.5,3767,485000
1490000,218.8,5,5.85,7.9,4,6.2,1774,519000
222000,96,3,27.63,9,2,2.8,1038,471000
597000,100.3,3,16.11,3.4,3,6.8,2811,431000
488000,112.1,4,17.59,18.6,4,8.7,4341,501000
491000,90.7,3,14.64,7.8,2,5,800,518000
453000,109.7,3,13.35,15.4,3,4.3,5117,462000
1034000,142.3,4,5.86,5.2,3,7.4,4380,418000
358000,110,3,31.43,0,2,6.3,800,360000
629000,132.4,3,13.77,5.8,3,5.4,2776,511000
1060000,173.4,4,11.55,15.7,3,7.3,4792,506000
545000,108.6,3,13.65,10.2,2,6.9,1621,299000
1068000,158.8,4,0.94,7.7,4,7.2,5114,542000
1009000,162.6,4,10.25,13.2,4,7.9,4016,479000
355000,121.4,3,20.85,15.9,3,5,2686,489000
1286000,207.6,5,10.34,13.2,4,4.4,4426,436000
783000,88.9,3,1.26,10,2,8.1,7946,469000
364000,64.5,2,2.18,21.7,2,3.7,6171,594000
394000,30,1,2.62,4.1,1,5.6,1819,509000
277000,114.8,3,16.49,27.3,2,4,5623,419000
818000,99.9,3,1.95,3.3,2,5.9,4396,548000
996000,119.4,3,0.9,5.4,3,6.5,2368,534000
1288000,214.6,5,2.58,10.4,4,2.9,4030,454000
151000,30,1,10.35,0,1,6.9,3246,515000
747000,127.1,3,9.83,15.1,2,3.9,3790,417000
738000,108.2,3,4.25,9.4,3,5.3,800,494000
795000,118.3,3,8.63,8.7,3,6.7,5206,448000
457000,88.7,3,2.97,31.5,2,4.3,4124,444000
530000,56.8,2,1.89,8.9,2,9.3,7543,423000
667000,116.8,4,7.21,8.9,4,3,6642,456000
827000,153.2,4,7.15,13,4,6.8,5237,514000
941000,135.5,3,1.3,9.2,3,4.6,1805,364000
234000,84.3,2,20.21,4.9,2,7.8,4559,444000
398000,97.3,3,11.53,20.2,3,6.9,1739,461000
890000,121.2,3,7.98,8.7,2,5.3,5801,488000
1105000,130.5,3,0.5,2.9,3,6.5,4006,415000
1078000,164,5,4.97,19.2,4,5.7,3760,539000
413000,87.8,3,17.62,8.2,3,6.2,4289,364000
176000,73.4,2,27.66,10.2,1,6.4,3311,482000
868000,109,3,2.66,8.1,3,7.5,3230,452000
592000,107.1,3,7.84,6.2,2,7.4,4907,503000
331000,70.4,2,13.97,3,1,5,2233,592000
416000,99.2,2,0.5,21.2,1,5.5,5800,541000
565000,140.9,3,20.19,12.7,3,7.2,2682,542000
1104000,159.9,4,5.73,12.2,4,6.8,1220,525000
1151000,165,4,1.71,19.9,4,6.3,5285,485000
672000,123.8,4,16.2,5.7,3,6.4,2832,571000
1168000,153.9,5,5.32,2.8,4,5.5,2854,491000
326000,42.2,1,5.37,16.7,1,5.2,1563,490000
740000,101.8,3,1.84,10.9,3,4.1,6824,477000
690000,78.3,2,2.41,10.4,2,8.2,8207,293000
1113000,162.3,4,7.71,9.6,4,7,3350,439000
525000,75.4,3,1.11,18.4,2,3.4,1857,479000
612000,75.4,2,2.81,18.4,2,5.3,5230,497000
150000,44.8,1,19.02,15.1,1,3.1,3630,495000
153000,76,2,16.99,33.5,1,4.6,2628,558000
455000,97.7,3,4.46,15.8,3,7.2,6703,341000
912000,152.6,4,9.71,2.4,3,8.1,2287,433000
549000,112.2,3,16.13,6.7,2,3.8,4415,572000
345000,97.5,2,11.58,23.5,2,4.2,800,428000
728000,113.6,3,2.59,16.4,2,4.1,3359,457000
1009000,148,4,3.44,14.8,3,9.4,5186,506000
509000,77.8,3,1.5,13.6,2,5.9,5544,477000
1054000,195.9,4,11.33,3.1,3,3.1,1295,467000
492000,80.1,3,3.66,0,2,4.8,4528,305000
999000,145.5,4,1.72,12.5,4,6.1,6847,462000
465000,87.7,3,21.47,1.1,3,5,800,350000
325000,72.7,2,24.97,1.3,1,4.1,4393,366000
551000,70.6,2,1.54,23.1,1,9.2,5162,286000
337000,67.1,3,11.18,6.1,3,5.8,800,478000
778000,179.4,5,21.35,11.2,4,3,4544,480000
570000,121.1,4,12.88,17.1,4,4.4,3058,570000
658000,111.4,3,7.9,13.9,2,8.8,4252,613000
365000,89,3,12.32,18.9,2,5.1,2352,446000
559000,51,2,1.94,8.9,1,8.9,6047,531000
390000,108.5,3,30.03,7.6,2,6.2,1605,614000
350000,30,1,0.5,4,1,5.8,6116,243000
860000,137.1,4,2.3,11.4,3,3,6477,619000
323000,118.5,3,5.69,32.6,2,6.4,2677,447000
611000,110.1,3,6.13,7.2,2,3.5,6695,471000
1242000,167.9,4,2.33,14.9,3,7.6,1726,420000
1105000,145.5,3,2.4,3,3,5.8,4822,349000
166000,30,1,7.01,14.2,1,4.8,2824,439000
1118000,161.4,4,2.36,9.1,3,6.5,4331,571000
698000,104.2,3,4.35,5.9,3,6.5,2206,470000
162000,118.1,3,42.82,8.2,2,6.5,800,475000
439000,65.7,3,2.92,11.1,3,5.8,800,407000
610000,87.4,3,0.5,11.9,2,7.8,3357,363000
362000,36.6,2,0.5,24,1,6.4,3454,412000
1186000,196,5,4.35,11.8,4,3.9,4546,556000
981000,145.9,4,1.09,12.4,4,4.4,5788,476000
762000,88.7,2,3.33,3.2,2,4.9,4826,407000
722000,90.2,3,0.5,14.9,2,4,4730,430000
1361000,199.5,5,3.71,9.3,4,7.2,800,630000
150000,99,3,31.82,27.2,3,5.6,800,461000
440000,82.5,2,3.83,17,1,6.6,2237,401000
463000,66.4,2,1.42,12,1,2.5,8055,490000
933000,131.8,3,7.62,8.8,3,8.6,7413,597000
747000,117.8,3,13.13,17.6,2,8.3,3410,594000
424000,87.6,2,3.35,22.2,1,7,5168,366000
696000,107.4,3,3.3,9.2,3,4.3,3255,507000
325000,82.5,2,18.23,20.5,1,6.5,2899,697000
372000,84.1,3,11.81,13.2,2,6.4,4581,453000
306000,39.9,1,0.5,5.2,1,6.2,8051,379000
231000,49.6,1,2.58,36.6,1,6.4,3312,309000
753000,116.4,4,7.16,28.7,3,7.9,2893,596000
761000,124.3,4,0.5,27.8,3,4.3,4087,466000
252000,43.8,1,7.25,13.4,1,6.2,2113,308000
763000,116.8,4,4.24,17.3,3,6,5625,498000
592000,129.8,3,15.69,7.8,3,6.8,3272,540000
1229000,182.5,4,3.85,13.8,3,6.6,5463,467000
1008000,133.5,5,6.01,3.2,4,6.3,6596,294000
907000,127.1,4,8.85,7.5,4,5.8,5451,508000
499000,72.3,2,15.52,7.3,2,10,5800,527000
528000,53.4,2,2.6,5.3,2,4.5,5362,472000
443000,88.1,2,5.3,25.7,1,5.1,5769,373000
753000,111.1,3,0.7,7.1,2,2.9,8221,555000
698000,101.2,3,5.88,6.8,3,4.5,2978,323000
444000,52.7,1,1.19,5.2,1,7.6,3528,311000
954000,133.9,4,2.65,0,3,1.6,4522,680000
150000,62.4,2,22.7,16.8,2,5.5,2267,428000
784000,107.9,3,0.53,10.5,2,7.7,2065,398000
381000,38.4,1,1.83,3.7,1,8.6,2922,358000
998000,162.8,4,11.58,9,3,8,7056,413000
1010000,195.3,4,8.13,10.1,3,6.7,4240,324000
1437000,230.7,5,12.08,12.7,4,7.1,6183,553000
635000,89.4,3,4.55,7.6,3,7,2175,405000
861000,118,3,8.5,5.4,2,3.9,4511,542000
244000,40.3,1,0.5,8.8,1,5.9,6646,318000
1038000,151,5,4.12,0,4,5.6,2616,474000
661000,93.2,3,0.5,7.9,3,5,6772,350000
666000,131.5,3,17.11,4.3,3,3.1,3778,465000
675000,104.9,3,2.35,8.9,2,4.9,6208,429000
514000,92,2,9.2,0,2,2.5,3442,575000
843000,130.2,4,2.85,8.4,4,6.7,6692,503000
690000,123.4,3,0.51,13.6,3,5.9,5691,479000
808000,117.3,3,0.5,10.6,3,6.6,3549,500000
338000,94.4,2,18.04,16,1,4.2,4266,468000
1273000,174.5,5,5.21,0,4,5.7,3347,569000
749000,108.2,3,3.23,4.5,2,6.3,1921,429000
598000,76,2,0.5,10,2,5.7,3029,459000
423000,103.1,2,12.78,21,1,6.4,7074,339000
776000,116,4,12.87,8.6,3,6.8,1351,469000
809000,101.3,3,3.49,10.4,2,4.6,5216,414000
554000,94.9,3,7.2,16.6,3,5.8,4284,422000
577000,133.7,3,8.18,18.1,2,7.3,2791,401000
150000,80.5,2,25.26,26.1,1,4.8,4044,291000
366000,83.9,2,9.01,9.4,2,4.6,3403,393000
150000,47.5,1,20.05,13.2,1,6.6,1298,325000
785000,111.8,3,2.73,4.6,2,5.5,7291,561000
470000,100.5,2,16.05,18.9,1,8.5,7185,463000
544000,58.9,3,6.72,10.2,3,6.8,5774,454000
446000,92.5,3,9.87,21.3,2,9.6,3781,403000
189000,41.7,1,17.1,16.9,1,7.9,6600,494000
567000,138.7,3,15.63,13.5,2,6.1,2007,309000
528000,65.7,2,2.63,10.7,2,8.7,3532,550000
1062000,159.9,4,4.3,10.5,3,2.1,3259,408000
717000,119.8,3,4.41,26.5,2,6.5,3741,498000
208000,38.3,1,8.24,13.1,1,7,2968,305000
618000,70.4,2,2.27,6.5,2,4.6,5390,440000
894000,144.3,4,0.5,22,4,6.4,6220,519000
682000,159.4,4,16.86,11.7,3,3.8,3901,498000
150000,57.1,2,31.99,5.9,1,5.2,800,338000
712000,132.3,3,0.99,18.2,2,1.7,5342,432000
889000,133.3,4,10.47,6.7,3,6,3166,537000
150000,54,2,4.35,32.9,2,6.7,5982,354000
150000,59,2,31.23,3.4,1,7.3,2271,389000
691000,129.2,3,0.5,18.6,2,7.3,3173,545000
577000,90.5,3,3.32,7.6,3,7.8,5347,360000
855000,137.5,4,0.5,27.9,4,6.2,1798,435000
905000,118.8,3,7.28,7.4,2,7.9,3441,476000
1012000,151.7,4,0.5,7.8,3,4.9,6949,488000
422000,75.1,2,2.4,11.6,2,4.8,3091,467000
1092000,172.1,4,2.92,7.9,4,4.7,3528,415000
590000,106.9,3,7.48,21.2,3,7.3,7102,506000
993000,182.3,4,3.92,12.2,4,5.8,3754,608000
911000,127.3,3,3.29,2.4,3,8.9,6389,468000
716000,74.8,2,0.6,4.8,2,7.3,6726,451000
758000,127.6,3,9.82,9.2,3,7.5,3279,351000
847000,93.7,3,3.44,10.7,2,7.8,6592,450000
647000,72.3,3,0.5,14,2,5.2,5760,494000
150000,30,1,12.18,19.4,1,3.8,2536,366000
752000,84.4,3,0.51,10.6,2,6.7,3938,624000
170000,36.1,2,10.73,4.5,2,5.8,947,574000
605000,61,2,2.65,5.8,1,3.8,6403,428000
849000,108.2,3,0.5,19.3,3,6,3990,364000
628000,84.7,2,1.73,23.5,1,8.7,6588,394000
823000,122,3,12.41,0,2,6.5,4436,478000
195000,64.6,2,13.8,8.8,1,2.5,6803,352000
457000,79.4,2,2.7,8.3,2,4.4,5013,402000
402000,110.7,4,16.4,13.7,4,5,2945,559000
896000,111.4,2,1.36,4.8,1,6.3,4423,403000
205000,31.6,1,0.5,4,1,3.1,7951,525000
577000,75,2,0.5,6.6,1,4.8,5607,387000
683000,129.9,4,21.32,14.7,3,8,3558,491000
1180000,211.9,5,8.38,19.1,4,5.1,4930,541000
1098000,166.1,5,3.18,18.7,4,4.8,5010,368000
481000,94.3,3,3.59,14.1,2,4.8,3247,393000
603000,95.7,2,3.03,9.8,1,6.8,6081,391000
237000,64.1,2,8.31,25.6,2,6.4,2463,506000
1265000,181.6,4,3.1,6.7,4,5.4,2069,613000
164000,61.2,2,15.51,13.8,2,7.5,821,423000
150000,99.7,3,54.9,15.8,3,9.1,800,320000
455000,63.6,2,4.41,6.6,1,5,2116,465000
798000,120.8,3,1.24,2.5,2,7.3,4201,378000
629000,30,1,0.5,2.8,1,10,5964,573000
766000,163.1,5,13.57,17.1,4,5.5,3748,426000
1050000,190.4,4,10.92,16.8,4,5.8,2494,464000
1195000,204.3,5,5.15,14.6,4,3.9,8174,421000
1224000,185.5,4,4.41,14.1,4,8.1,2114,459000
474000,76.7,3,2.34,23.4,3,7.5,3542,490000
625000,83.2,3,10.1,3.4,3,8.8,6973,503000
815000,169.2,5,6.21,23.8,4,1.4,4325,558000
628000,132.8,3,17.54,8.6,3,4.8,3159,404000
534000,62.8,2,4.28,13.6,2,10,3616,442000
1053000,137.7,4,1.96,0,3,7.5,7626,386000
951000,188.1,4,10.96,20,4,7,3381,488000
1267000,150.7,4,1.83,5.1,4,4.6,5743,508000
281000,64.7,2,17.34,6.4,1,3.2,2745,519000
864000,117.5,3,6.67,0.2,2,9,3655,538000
804000,121.8,3,4.48,16.8,3,6.3,7465,460000
273000,30,1,3.16,6.1,1,8.8,5571,375000
387000,85.2,3,13,10.5,3,7.2,3961,394000
329000,64.4,2,10.66,25.7,2,6.8,3402,425000
401000,78.2,2,10.93,13.8,2,7.9,1401,257000
763000,72.3,2,0.5,9.4,2,5.2,5634,357000
446000,93.3,2,10.09,7.7,1,6.3,4450,375000
732000,134.5,3,3.2,21,2,7.1,4086,562000
750000,131.7,3,8.08,5.9,2,5.4,2768,341000
708000,106.9,4,3.43,5.9,3,4.4,1928,533000
790000,143.5,4,4.02,4.2,4,2.1,3542,644000
1018000,139.7,4,5.79,8.4,3,5.7,4991,474000
456000,66.8,2,0.5,16,1,4.5,4293,524000
293000,96.7,3,16.14,15.3,2,1.9,5398,529000
357000,30,1,1.07,10.4,1,7.9,4616,365000
239000,71.9,2,12.2,12.9,2,8.3,3757,318000
529000,101.1,3,8.42,7.3,3,8.9,4207,484000
183000,65.2,2,2.6,35,2,5.3,4169,346000
941000,139,3,2.44,10.5,3,7.3,5532,515000
177000,37.2,1,7.65,7.6,1,5.2,4371,364000
286000,44.2,1,5.15,13.7,1,4.9,5537,500000
467000,91.2,2,13.34,13.8,2,6.3,3120,668000
419000,71.5,2,10.33,5.6,2,6.5,4090,397000
231000,30,1,5.11,14.1,1,2.7,5216,449000
393000,93.6,3,12.83,14.9,3,5,2860,453000
818000,111.9,3,0.5,12.7,2,7.3,3425,312000
429000,78,3,19.85,10.3,2,6.2,800,522000
150000,30,1,6.29,16.6,1,6.1,3986,375000
781000,109.8,3,11.48,10.3,2,9,6522,565000
612000,94.8,3,3.97,16.9,2,6.9,6054,631000
759000,113.2,3,7.58,8.2,3,10,7015,453000
1032000,139,4,1.71,11.3,3,6.8,8498,444000
276000,93.4,2,20.35,2.8,1,5,6429,494000
445000,39.8,1,3.16,11.9,1,5.5,3920,227000
1264000,219.4,5,10.62,7.3,4,5,4394,623000
570000,76.9,3,7.18,6.9,3,3.1,4906,469000
705000,110.4,3,8.8,5,2,6.9,4715,405000
791000,85.5,2,0.5,0.9,1,5.4,5104,383000
262000,57.6,1,0.5,27.4,1,4,5532,330000
505000,66.9,2,7.09,2.5,1,4.7,4788,396000
615000,104.8,3,3.07,5.2,2,3.9,4470,500000
409000,43.3,1,5.2,5.3,1,7.4,5826,353000
627000,125.4,3,23.9,8.8,3,5.3,3121,478000
1439000,208.2,5,0.83,8.2,4,8.7,5597,475000
615000,117.6,3,9.67,12.5,2,7.4,3411,611000
1123000,169.7,5,6.1,2.9,4,3.5,3481,579000
290000,41.3,1,10.29,13.8,1,9.6,3975,342000
479000,56.8,2,7.25,6.7,1,6.2,2887,372000
1114000,141.2,5,4.08,5,4,8,3610,607000
178000,60.7,2,4.17,16.7,1,1.2,5455,439000
746000,124.2,3,2.99,22.4,2,2.8,6845,457000
413000,34.9,1,0.5,5.9,1,6.1,2140,372000
188000,30,1,1.98,17.5,1,6.2,4199,377000
197000,52.9,2,10.91,5.4,2,6.2,1581,287000
362000,58.7,1,0.5,10.9,1,2.1,8062,462000
1000000,196.8,5,14.33,16.2,4,3,5282,566000
296000,78,2,14.37,7.5,2,5.3,4386,573000
938000,135.3,4,2.45,7.4,3,5.7,2964,525000
1139000,159.5,4,0.5,11.3,3,6.2,3729,615000
150000,44.9,1,11.85,2.7,1,3.4,1991,501000
627000,90,3,3.88,14.8,3,4.1,8026,476000
669000,101.8,3,7.17,9,2,6.2,1815,540000
1092000,196.4,5,5.71,14.4,4,4.8,3314,340000
521000,81.8,2,0.75,11.4,2,8,4322,172000
402000,55.2,2,7.64,9.1,1,6,7028,377000
437000,124.2,3,28.32,13.4,2,6.9,800,498000
629000,80.4,2,0.5,12.7,1,5,3191,562000
1395000,202.5,5,0.5,10,4,5.2,4761,565000
368000,47,2,2.38,37,2,4.7,4578,536000
679000,101.5,3,10.7,5.9,3,6.8,5095,393000
423000,80.7,3,13.54,8.6,3,7.4,2313,500000
651000,155.2,4,22.35,7.3,4,3.9,3073,449000
340000,68.4,2,12.13,8.9,1,3.1,1456,452000
1096000,154.7,4,4.07,13.1,4,7.7,3935,547000
150000,67.9,2,25.05,16.4,2,5.8,2077,526000
366000,40.6,2,4.47,0,2,7,4653,476000
1259000,177.7,4,0.5,4.1,3,6.2,5550,482000
150000,37,1,14.43,4.9,1,5.7,4208,381000
907000,163.3,4,3.27,25.4,3,6.3,2140,521000
985000,167,4,0.5,20.5,3,5.7,1636,569000
657000,146.7,3,27.05,10.6,3,8.1,800,501000
1100000,166.5,4,4.84,11.4,3,7.1,7791,634000
632000,82.9,2,3.17,20.3,1,8.4,4565,150000
390000,83.4,2,12.78,4.9,1,6.2,5036,407000
341000,72.4,2,22.77,5.8,2,6.7,3898,510000
706000,111.3,4,2.89,7.6,4,2.2,3105,519000
815000,120.3,4,8.18,6.8,3,5.1,3426,375000
880000,129.6,3,1.64,23.1,3,7.2,3200,429000
259000,47.3,2,0.72,19.2,2,4.1,4214,433000
1045000,168.5,4,12.1,12.7,3,5.6,5129,584000
314000,80.2,2,11.18,14.9,1,5.1,2628,509000
383000,34.8,1,0.5,9.6,1,3.6,6848,276000
481000,67.9,2,5.18,6.7,2,6.1,800,348000
796000,165.1,5,18.94,18.7,4,6,1183,589000
981000,115.7,4,4.33,5.8,4,5.8,2676,505000
810000,127.6,3,9.26,20.8,3,7.6,5300,471000
627000,88.3,3,1.68,11.2,2,5.8,3591,451000
967000,156.7,4,10.38,11.4,3,6.4,800,517000
730000,113.9,3,10.3,5.8,3,10,2411,401000
754000,112.3,4,13.75,0.2,3,5.7,986,551000
474000,70,3,6.88,6.2,2,2.2,4720,368000
322000,91.5,3,17.32,16.3,2,4.9,3103,390000
398000,76.6,2,19.03,1.3,1,8.9,1843,551000
390000,30,1,7.4,7.1,1,7.4,800,324000
1125000,147.2,4,5.5,6.5,3,4.4,6489,604000
374000,86,3,3.61,10.9,3,5.1,2253,402000
707000,103.7,3,0.53,4.1,2,3.3,7849,402000
778000,126.1,4,4.61,12.9,4,4.1,2426,463000
364000,57.6,2,8.47,8.1,1,8.2,1589,546000
289000,38.1,1,4.14,9.6,1,7.4,5357,365000
421000,36.8,2,0.5,12.5,2,4.9,5774,401000
885000,114.4,4,0.5,9.5,4,4.7,5222,528000
305000,38,1,4.99,10.6,1,8.2,4453,424000
525000,102.4,3,9.12,19.4,2,6.4,2968,619000
150000,58.6,2,21.81,19.2,1,4.3,3921,468000
578000,93.2,2,0.5,16.3,2,6.6,4556,373000
239000,34.8,1,18.25,3.4,1,6.7,3011,460000
772000,127.5,3,4.02,16,2,7.4,6051,519000
891000,133.6,4,2.25,15.7,4,5.6,4743,451000
600000,90.1,3,1.52,5.2,3,4.1,7489,475000
698000,131.1,3,7.75,14.3,2,6.4,2353,563000
662000,114.1,3,6.54,13.4,2,4.4,3642,392000
558000,79.6,2,1.05,14.9,1,9.3,1692,426000
627000,73.2,2,0.5,8.2,2,5.8,5375,330000
1089000,166.2,5,1.93,11.2,4,6.2,5496,362000
407000,91.2,3,14.91,19,3,6.1,2634,412000
150000,57.8,2,25.81,20.3,2,7.3,2702,337000
574000,100.1,3,9.8,12,2,10,4621,354000
150000,38.8,1,28.75,30.2,1,3.3,3233,366000
150000,86.4,3,45.86,3,2,6.5,800,495000
649000,83.7,2,5.11,10.5,1,8.3,4807,512000
511000,54.9,2,0.5,17.5,1,7.2,5719,466000
704000,145.3,3,6.97,5.7,2,6.5,2301,473000
213000,55.9,2,13.05,11.9,2,8,3131,512000
397000,106.5,3,7.04,25.1,3,6.3,1801,343000
992000,174.3,4,0.5,9.8,4,3.7,3085,529000
954000,152.9,3,1.45,15.4,2,2.6,8858,549000
642000,133.6,3,12.94,12,2,6.5,6044,229000
234000,117.2,3,34.2,2.5,3,2.3,1034,473000
1033000,134.8,3,0.5,13.6,3,4.1,2189,566000
653000,85.5,2,5.72,3.3,1,7.4,2222,509000
638000,97.6,3,0.55,11,3,2.4,4898,388000
1109000,137,4,3.14,13.2,4,9.9,5880,473000
297000,66.3,1,15.54,8.3,1,7.3,6155,381000
753000,106.6,3,2.23,14.1,2,3.7,6081,461000
795000,94.5,2,4.26,1.2,2,7.3,5097,543000
1421000,215.2,5,1.98,11.2,4,6.4,4505,435000
288000,36.3,1,7.56,12.8,1,6.8,7047,475000
277000,30,1,1.62,21.2,1,6,4336,383000
882000,135.9,3,0.5,0,3,5.6,6354,343000
764000,106.9,3,8.49,0,3,6.9,4649,523000
150000,30,1,6.01,11.7,1,7.1,800,400000
860000,148.2,5,1.16,32.2,4,4.2,5913,551000
1082000,176.1,4,2.79,5.7,4,4.1,7145,517000
806000,158.9,4,15.16,15,4,7.1,5140,495000
857000,120.5,4,2.31,13.6,4,5.1,6932,609000
583000,95.8,3,2.98,22.5,3,4.8,4618,472000
1055000,198.2,5,2.32,17,4,4.2,9162,419000
589000,121.8,4,16.07,14.3,4,8.4,800,423000
991000,180.5,4,7.09,8.9,4,3.1,5872,547000
765000,138.6,3,0.5,22.1,2,6.3,5447,416000
751000,128.5,3,6.52,18.6,2,6,4859,459000
596000,131.4,4,6.38,24.2,3,6.7,5393,526000
342000,94.5,2,11.47,26.3,2,8.3,2016,380000
745000,122.9,4,5.78,3.8,4,6.7,5144,544000
883000,125.9,3,2.01,6.8,2,4.7,1967,564000
999000,132.3,4,2.97,11.5,3,9.4,6952,578000
614000,110.6,3,5.75,9.1,3,3.4,7828,428000
752000,107.7,3,0.5,10.6,3,8.1,3070,533000
475000,61,2,12.8,4.9,2,6.7,3786,427000
231000,107.6,3,26.98,13.9,3,5.3,1552,539000
550000,93,2,2.12,25.6,1,5.5,3739,337000
302000,31,1,7.86,10.1,1,5.4,3074,475000
808000,97.4,3,0.5,13.1,3,5.8,6078,530000
1193000,190.7,4,5.8,18.5,4,7.7,7495,528000
503000,83.4,2,8.62,2.6,1,4,4622,498000
357000,78.2,2,9.72,9,1,5.6,5668,339000
570000,93.1,2,7.07,11.6,2,5.4,4073,430000
150000,34.9,1,18.38,8.1,1,7.1,2434,466000
544000,86.1,2,4.88,12.2,2,2.8,6000,466000
1007000,166.6,4,13.86,0,3,5.9,1974,590000
434000,30,1,2.17,11,1,8.2,2618,507000
1060000,166,4,3.62,6.1,3,6.2,7105,503000
709000,118.1,3,8.8,3.6,2,5.8,3683,465000
150000,35.5,1,3.56,16.7,1,4.1,3767,235000
708000,97.3,4,10.83,6.9,4,7.4,800,424000
150000,78.4,2,36.4,22.8,2,5.5,3053,370000
1067000,139.4,3,3.79,0,3,7.7,5563,496000
1081000,150,4,2.57,3.4,4,6.8,4384,383000
488000,60.1,2,1.5,12.1,2,4.7,3681,301000
649000,94.6,2,0.5,1.5,2,6.8,5797,482000
150000,71.4,1,27.31,8.4,1,6,2868,402000
580000,86.3,3,4.25,23.3,2,8.2,1448,689000
238000,32.2,1,5.26,1.2,1,4.7,7086,390000
508000,125.4,4,15.68,16.9,3,4.4,1900,609000
516000,61.4,2,3.79,7.5,1,6.1,4693,447000
759000,103.1,3,6.09,2.1,3,5.3,4114,579000
1213000,174.9,4,3.06,0.8,4,6.7,6578,541000
379000,40.4,1,4.84,3.3,1,6.6,3474,347000
773000,152.7,4,11.14,13.7,4,5,9180,512000
289000,31.3,1,0.5,8.9,1,7,6384,335000
743000,125.1,3,3.12,7.7,2,1.6,1565,518000
934000,197.4,4,13.93,27.6,3,2.4,5357,478000
615000,91.9,3,0.88,15.2,2,7.2,5113,401000
469000,97.8,3,3.4,25.8,3,1,3656,342000
287000,137.1,3,28.38,15.2,3,4.4,800,360000
219000,58,1,0.5,25.6,1,8.4,4834,294000
1138000,193.4,5,5.1,14.6,4,3.8,4853,532000
150000,45.9,1,5.88,13.9,1,2.7,957,417000
620000,113.5,3,13.77,8.1,2,4.3,6206,391000
530000,105.6,3,9.63,16,2,5.8,5161,495000
626000,107,3,8.08,17.5,2,4.5,1683,661000
597000,83.1,3,5.92,0.8,3,6.1,2889,506000
193000,61.9,2,13.75,8.6,1,5.2,6256,515000
1321000,175.4,5,0.5,10.6,4,7.3,3039,632000
577000,66.6,2,1.11,9.1,2,5.5,5866,340000
619000,116.4,3,9.16,12.5,3,3.8,2522,526000
704000,92.8,2,2.62,7,1,5.9,5146,429000
929000,169.2,4,9.21,8.6,4,4.4,800,455000
324000,40.1,2,6.03,14.3,2,5.8,4828,404000
1433000,189.7,5,0.5,1.7,4,8.2,3644,555000
1058000,212.7,5,24.16,8.1,4,5.3,4782,455000
803000,146,5,15.04,15.4,4,4.8,3997,587000
949000,116.3,4,0.5,13.6,3,9.1,5540,443000
497000,115.2,3,15.74,11.8,2,5.7,5836,550000
294000,35,1,0.5,5,1,7.3,3299,440000
906000,153.9,4,6.56,8.8,4,2.1,2724,568000
200000,76.4,2,23.06,4.1,1,3.9,5129,390000
259000,72.5,2,19.6,8.6,2,6.7,800,410000
318000,64.9,2,11.56,5.1,2,6.3,5906,346000
726000,104.1,4,1.13,14.7,4,4.2,800,479000
1220000,208.8,5,1.8,14.5,4,5.1,4315,509000
405000,119.9,4,23.31,4.5,4,2.4,800,403000
779000,129.2,4,16.08,10.2,3,5.2,5127,645000
944000,171.1,4,6.39,16.3,4,6.2,1758,396000
661000,140.9,3,23.19,10.2,3,5,800,531000
473000,113.6,3,6.12,22.3,3,5.2,5292,375000
336000,39.9,1,11.52,12.8,1,7.6,6501,315000
627000,99.5,3,2.72,14,3,5.9,4808,358000
779000,153.7,5,21.65,8.3,4,7.2,800,546000
643000,95.2,3,0.5,4,2,3.8,6869,467000
701000,104.6,4,3.61,12.9,3,4.8,5113,363000
150000,37,1,20.93,17.6,1,6.2,2890,434000
229000,46.9,2,0.98,23.2,2,5.5,1010,309000
471000,123.7,4,22.43,11.3,4,6.4,1203,487000
778000,95.4,2,0.5,5.1,1,6.5,4126,517000
563000,79.9,3,0.7,14,3,5.6,8790,412000
676000,130.2,4,19.77,1.6,4,5.4,4270,467000
466000,92.4,3,6.96,34.7,3,4.1,3780,471000
625000,109.4,3,2.13,24.7,3,6.6,6352,608000
1476000,193.7,5,2.82,0,4,7.4,5331,428000
962000,150.9,5,3.3,18.1,4,2.8,2416,436000
669000,120.2,3,8.84,5.2,2,5.9,1603,434000
1008000,185.2,4,14.48,0,4,7.2,800,291000
615000,123.5,3,4.64,24.4,2,2.7,7656,366000
836000,157.7,4,6.45,10.2,4,4.4,4971,537000
477000,89.3,3,13.61,14.9,2,6.6,6175,392000
173000,75.9,2,32.4,1,2,8.1,800,467000
472000,64.7,2,1.53,3.9,1,5,4294,522000
771000,121.3,3,5.19,3.1,3,7.8,5027,522000
1142000,178.6,5,0.5,15.7,4,4.3,5395,428000
902000,157.5,5,1.56,15.6,4,2.7,5159,667000
1206000,165.2,4,6.54,5.4,3,7,3085,479000
622000,104,3,0.5,6.5,3,1.7,7531,482000
642000,134.8,3,11.15,24.9,3,5.8,1834,402000
592000,80.4,3,0.5,5.7,2,2.8,7591,559000
1145000,156.1,5,0.5,12.2,4,7.4,4085,686000
852000,126.3,3,0.5,13.3,2,6.4,6200,519000
1082000,145.9,4,0.79,5.6,4,5.2,4201,611000
169000,61.4,2,16.78,7.3,1,6.1,2342,463000
656000,103.1,3,6.58,15.8,2,8.8,1386,609000
389000,117.4,3,22.13,12.8,3,6.2,2264,393000
770000,96.8,3,5.04,6.7,3,6.8,3277,513000
350000,77.6,2,8.24,17.2,2,5.5,800,297000
372000,125.8,4,19.25,5.9,4,3.6,1177,534000
793000,81.3,2,3.04,19.4,1,5.8,5313,583000
371000,49.7,2,8.17,16.8,2,7.4,4862,288000
1094000,173.2,5,5.49,22.1,4,6.7,2964,576000
521000,99.4,3,4.9,26.5,2,4.4,4364,550000
678000,106.5,3,2.01,9.1,2,6.8,2434,494000
1076000,154,4,0.5,11.1,3,6,3962,485000
841000,131.2,3,16.35,7.6,2,8.7,2257,437000
1198000,199.8,5,8.38,11.3,4,4.1,5340,532000
185000,30,1,5.31,1.1,1,3.3,2711,477000
521000,53.4,1,3.78,0,1,4.4,5214,437000
568000,107.3,3,12.05,15.3,2,5,2677,351000
653000,84.8,2,2.49,10.7,1,3.6,8495,328000
1038000,171.4,4,3.83,7.9,3,4.1,985,571000
178000,30,1,2.62,18.9,1,6.8,1937,465000
377000,79.2,2,10.12,7.2,2,5.8,2496,331000
988000,122.6,4,4.52,6.7,4,6.1,5512,588000
1252000,200.7,5,6.91,7.7,4,5.7,6935,604000
803000,130.9,4,9.82,29.3,4,7,3849,608000
700000,114.6,3,1.79,4.8,3,6,2996,449000
344000,115.9,3,16.11,29.9,3,5.2,800,680000
406000,120.5,3,20.48,24.6,2,5.4,3380,586000
883000,130.1,3,8.22,6.2,2,6.3,6725,489000
357000,53.1,1,1.42,8,1,2.7,5115,324000
452000,73.6,2,7.51,14.1,2,7.2,3620,302000
883000,138.1,3,1.46,23.6,3,4.1,9942,499000
465000,112.2,3,21.59,6.4,3,5.4,4568,485000
509000,69.9,2,4.71,9.8,2,8.2,6692,455000
270000,38.3,1,7.83,20.4,1,9.4,3628,650000
150000,30,1,10.54,7.6,1,6.4,800,411000
1120000,147.5,5,0.5,12.1,4,4.3,3551,548000
634000,86.8,2,7.44,1.1,1,4.2,3574,408000
168000,82.4,2,6.85,37.3,2,7.6,4633,495000
924000,115.5,4,5.37,9,3,9.1,2692,525000
605000,102.6,3,11.23,18.1,3,8.3,4854,542000
540000,71.5,2,0.5,14.1,2,5.5,11044,370000
526000,77.5,2,0.5,7.3,2,3.9,6756,656000
1325000,233.9,5,13.62,2.3,4,6.9,6343,557000
1083000,168.5,5,3.4,15.2,4,4.3,4230,615000
401000,129.6,3,6.91,36.9,3,5.2,2853,353000
432000,94.7,3,9.71,8.9,3,3.3,6035,648000
489000,73.6,2,5.19,1,1,7.3,7829,304000
633000,101.9,3,5.14,9.8,2,4.9,10792,425000
460000,67,2,3.91,3.8,1,5.1,7147,431000
216000,70.8,2,3.94,16.6,1,2.7,7238,496000
1519000,238.1,5,5.33,7.4,4,6.6,4918,658000
1177000,198.9,5,3.49,3.8,4,6.4,2627,474000
551000,77.4,2,2.61,22.2,1,8.3,5493,515000
430000,47.3,2,5.17,7,2,9,3215,414000
455000,76.3,2,6.8,4.8,2,6.8,7460,401000
354000,30,1,3.14,9.6,1,6.1,3056,289000
693000,120.1,3,8.04,21.6,2,7.5,4074,415000
790000,115.1,4,6.89,18.3,4,7.2,4719,450000
520000,107,2,13.84,7.8,2,2.9,3592,466000
150000,63.6,2,21.78,8,1,7,3416,345000
637000,95.2,3,3.78,10.6,2,7.7,2340,392000
420000,30,1,5.21,3.3,1,9.6,7200,489000
611000,81.1,3,7.42,7.3,3,6.6,5432,352000
1107000,164.6,5,9.21,6.5,4,4.8,1622,638000
403000,102.2,3,14.32,22.9,3,5.8,3228,449000
941000,134.2,3,5.44,16.5,2,9.2,3042,452000
627000,83,2,1.08,9,1,9,6293,663000
613000,139.7,3,10.68,21.6,3,6.2,1541,553000
854000,86.9,3,7.65,0,3,5.5,1554,421000
530000,124.8,3,3.46,13.4,3,2.2,7313,389000
904000,138.9,4,0.5,16,3,5.6,4842,579000
920000,132.5,4,7.05,8.3,3,6.4,1905,420000
630000,123.3,3,13.51,9.7,2,4.8,2084,590000
172000,43,1,4.96,14,1,6.7,3693,150000
956000,168.6,4,20.67,4,4,6.2,3825,599000
619000,116.9,4,3.62,18.1,3,6.3,6327,451000
679000,94.1,3,9.23,6.4,3,6.3,5299,417000
469000,85.7,2,2.52,23.2,2,8.9,3076,405000
873000,154,4,18.99,6.5,3,8.3,800,493000
1279000,214.8,5,2.54,11.6,4,4.1,4636,657000
519000,129.9,3,21.11,9.5,2,2.5,800,570000
586000,128.6,3,18.12,9.7,3,8.5,7205,459000
523000,78.8,2,4.5,24.7,2,6.3,9384,616000
454000,110.2,3,14.64,19.9,3,1.9,3269,544000
262000,91,2,9.1,16.8,2,3.6,2578,431000
473000,128,3,22.86,9.7,2,8.1,800,411000
763000,138.4,3,7.75,8.1,2,6.7,4905,595000
649000,77.7,3,10.14,5,2,7.1,1697,405000
780000,146.1,5,10.62,16.5,4,4.1,5121,454000
788000,129.7,3,4.97,12.2,3,6.2,1578,602000
1476000,228.2,5,9.47,7,4,6.6,2941,690000
233000,82.5,2,13.94,8.9,1,4.7,1392,434000
811000,148.3,3,6.78,14.9,3,5.6,7861,531000
350000,72.3,2,7.99,9.6,1,5.6,4688,335000
369000,40.9,1,6,4.7,1,6.8,2697,359000
272000,109.1,3,22.65,15.6,2,6.2,2421,359000
705000,91.4,3,12.2,4,2,3.4,3773,447000
150000,45.3,1,15.43,6.9,1,1.6,2896,410000
999000,160.3,4,1.91,15,3,4.8,11291,597000
365000,59.4,2,9.41,7,2,7,5165,343000
875000,138.8,4,0.5,31.5,3,4,2810,469000
958000,137.4,3,6.93,3.3,2,6.1,834,490000
904000,143,4,1.46,12.7,3,7,1448,528000
445000,78.7,3,2.32,20.2,2,5.9,4462,369000
322000,78.3,2,3.32,18.1,2,5.8,7288,387000
820000,119.5,4,6.55,4.3,3,7,5746,410000
483000,67.7,2,1.59,8.6,2,7.6,4001,386000
696000,99.4,3,2.1,7.7,3,5.8,5768,596000
937000,132.4,4,4.39,10.1,3,7.7,5308,627000
167000,30,1,9.8,13.9,1,8.5,1785,310000
500000,55.2,2,1.53,14.5,2,9.4,4195,521000
388000,59.2,2,0.5,18.1,1,6.6,6104,359000
537000,57.7,2,0.5,7.2,2,5.4,2553,626000
1072000,172.8,4,2.4,23.4,4,7.2,2257,648000
649000,98.6,3,4.02,4.9,2,2.2,5104,439000
1139000,162.5,4,5.2,5.5,4,8.6,5695,488000
355000,77.6,2,12.83,21.2,1,7.3,5634,343000
847000,114.5,3,1.8,0,3,4.4,5597,337000
150000,30,1,6.01,25.7,1,5.7,4773,315000
150000,43.5,2,25.33,12.3,2,7.3,5286,440000
776000,123.2,4,11.6,21,3,7.6,6193,630000
825000,127.4,4,10.1,14.4,3,4.8,7148,629000
739000,121.8,3,3.39,13.1,2,7.5,3755,398000
1053000,206,5,11.76,13.1,4,6.8,2074,636000
702000,122.1,3,9.41,15,2,4.7,1293,484000
847000,98.6,3,3.13,4.5,3,7.5,5302,532000
1170000,215.9,5,17.57,7.5,4,6.2,1619,595000
319000,62.4,2,0.5,14.3,1,2.2,4354,395000
946000,180.6,5,0.5,21.1,4,2.8,8301,449000
150000,30,1,30.1,8.5,1,4.9,1979,414000
334000,89.1,2,18.86,5.9,2,6.6,3075,432000
806000,120.1,3,0.5,15.5,2,4.4,800,329000
778000,96.3,3,0.5,6.9,2,6.7,2072,419000
592000,86,3,1.45,6.5,3,3.7,8823,480000
837000,161.8,4,11.88,10.2,4,7.1,1852,520000
1253000,175.7,5,4.75,9.1,4,6.6,3226,579000
658000,173.7,4,23.29,15.3,4,6,4357,473000
150000,30,1,15.25,23.1,1,4,3903,342000
982000,166.5,5,6.98,22.9,4,5.1,3860,639000
997000,169.6,4,1.83,6.7,3,5.4,7385,337000
977000,136,4,4.64,15.2,4,6.2,1525,577000
739000,86.3,3,0.5,5.5,2,3.5,7973,622000
337000,89.8,3,14.79,12.2,2,6.1,800,324000
238000,30.8,1,2.94,6.9,1,8.5,5308,379000
1388000,158.4,4,0.5,3,4,6.5,4743,616000
192000,55.3,2,13.91,6.1,1,3.5,2151,401000
228000,68.2,2,15.01,20.1,2,5.1,3570,472000
1072000,177.9,4,9.88,16.2,3,5.5,5973,462000
1126000,141,4,0.5,7.1,4,5.6,4814,474000
697000,75.9,2,3.44,12.8,1,6.9,800,390000
569000,70.1,2,2.7,15.5,1,6.2,7913,429000
174000,82.4,3,20.75,7.7,3,4.8,3635,424000
779000,122.9,4,2.1,8.4,4,4.7,1502,636000
210000,61.4,2,6.48,6.4,1,3.1,4198,367000
834000,110.8,4,0.85,11.4,4,6.9,4653,491000
1347000,202.7,5,0.5,7.4,4,6.8,3536,595000
738000,107.9,3,1.95,21.8,3,6.4,4309,398000
862000,147.2,4,6.74,7.6,3,6.1,5768,531000
291000,58,2,16.65,1,2,6.3,4300,420000
503000,85.5,3,4.69,6.1,3,1,3400,442000
478000,100.2,3,10.95,23.4,2,7.9,5341,389000
493000,46.7,2,6.86,2,1,7.3,4289,416000
634000,100.9,3,5.97,20.2,3,4.6,2238,524000
421000,48.7,2,0.5,8.7,2,6.8,10059,492000
609000,75.7,3,2.73,7.9,3,6.1,5984,496000
830000,139.8,4,11.41,5.8,4,5.6,2549,574000
1124000,176.8,5,0.5,19.3,4,3.9,4620,451000
727000,103.7,3,7.95,5.1,3,8.2,1999,402000
508000,125.4,3,13.51,14.2,3,5.3,6197,518000
150000,30,1,8.07,3.6,1,7,2447,388000
1123000,162.1,4,0.65,18.2,3,8.9,6249,555000
377000,74.1,2,11.26,15.2,1,5.9,3908,428000
150000,93.3,3,20.51,24.1,3,4.5,800,596000
1188000,199.4,5,5.48,13.3,4,5.7,4963,435000
397000,71.9,2,11.07,10.7,1,9.2,2978,367000
476000,83.6,2,9.83,10.5,1,5.2,4024,471000
150000,91.6,2,16.48,21.9,1,3.8,800,437000
290000,108.4,3,38.54,3.4,2,6.4,2167,516000
329000,141.4,3,32.72,23.5,3,5.5,2848,544000
387000,68.3,2,4.63,13.7,1,7.4,6280,364000
416000,89.1,2,5.57,15.1,2,4.7,2539,336000
723000,110.5,4,2.78,22.6,3,6.3,7032,271000
236000,41,1,0.5,13.4,1,5.6,6509,346000
694000,165.9,4,20.4,7.4,3,4.6,800,481000
448000,72.4,2,0.5,18.5,2,5.3,3603,490000
1252000,207.2,5,12.62,9.6,4,5.5,1475,573000
683000,92.9,2,9.08,2,1,7.5,7693,379000
545000,91.7,2,0.5,16.2,2,9.2,4922,472000
959000,135.9,4,4.37,5.2,3,3.6,6162,499000
1215000,173.8,4,3.38,4.9,4,7.4,4282,501000
861000,137.9,4,16.36,4.1,3,4.8,4145,618000
179000,67.6,2,23.86,3.7,1,6.5,1528,437000
991000,135.1,3,0.5,14.2,2,5.2,4319,455000
522000,136.1,4,24.11,22.1,4,6.6,2416,502000
816000,169.9,4,10.69,14.3,4,4.6,7293,380000
588000,134.7,5,25.37,10.4,4,5.8,800,484000
592000,105,3,10.08,13.7,3,7.1,6387,346000
600000,60.3,2,2.16,2.9,2,6,6716,430000
660000,130.9,3,13.44,19.9,2,5.1,800,393000
599000,93.1,2,2.17,22.8,2,8.7,6650,373000
744000,128.6,3,12.19,10.2,3,2.6,5441,573000
468000,130.6,3,16.18,27.7,3,3,5757,387000
469000,63.4,2,10.59,3.8,1,5.9,3179,546000
811000,112,4,1.17,11.8,3,5,7717,494000
731000,115.8,3,3.68,13.6,3,6.1,6895,466000
441000,86,2,12.93,0,2,3.2,3910,507000
487000,89.4,2,5.07,8.1,1,3.7,4971,312000
640000,72.1,2,0.67,7.8,2,4.5,5691,376000
605000,77.5,3,2.59,6.4,2,6.7,1291,466000
868000,87.9,3,0.5,0,3,6.7,6565,606000
150000,68.5,2,13.96,4.7,2,4,1592,384000
615000,72.6,2,1.42,8,2,2.7,5291,428000
417000,165.2,5,39.79,23.9,4,4.7,800,618000
436000,91.1,2,17.97,9.7,2,4.4,4352,444000
723000,88.4,3,1.22,3.6,3,9.7,6337,557000
1031000,140.5,4,0.5,17.1,4,5.4,5542,382000
187000,30,1,13.04,5.9,1,9.2,2580,471000
821000,148.3,5,24.65,15.7,4,9.8,800,561000
896000,128.9,4,0.5,14.1,3,7.6,8561,628000
1055000,138.1,4,4,13.8,4,8.9,7371,457000
682000,134.6,3,7.74,10.1,3,7,5313,386000
454000,101.4,3,7.32,45,2,8.7,4755,541000
526000,73.9,2,6.82,9.3,1,6.2,3158,541000
994000,168,4,2.68,26.7,3,4.5,6370,476000
1029000,147.7,4,2.16,15,4,7.6,2625,587000
150000,69.2,2,23.06,18.7,2,3.2,5668,509000
518000,82.4,2,0.84,19,2,7.7,7633,519000
949000,142.9,4,13.03,12,3,7.7,3445,482000
753000,107.7,4,4.34,3.9,3,3.4,3810,388000
1274000,170.5,4,4.2,7.9,4,9.1,4084,617000
1005000,170.4,5,12.09,11.2,4,6.5,7853,626000
1027000,149.6,4,6.9,4.7,3,5.5,800,569000
566000,95.7,2,4.06,0.2,2,6,5853,365000
921000,168.2,4,7.84,15.4,3,5,5080,489000
1080000,145.1,4,2.32,0,3,6.9,3146,583000
199000,89.5,3,16.52,38.3,2,6.9,4921,385000
515000,79,2,3.25,20.5,1,3.7,6643,389000
847000,159.7,4,1.37,24.4,4,7.1,3126,450000
552000,91.1,2,6.78,16.9,2,8.9,4750,517000
231000,30,1,3.17,9.4,1,3.8,5203,343000
176000,36,1,1.74,9.2,1,3.8,6138,286000
1011000,121.6,3,7.56,1.2,3,5.4,9205,371000
859000,141,4,3.7,12.2,4,6,2903,322000
1001000,148.4,3,0.5,11,3,3,6647,497000
426000,77.2,2,0.5,22.3,2,4.4,5659,260000
378000,86.7,3,10.67,5.8,3,4.1,800,424000
697000,113.7,3,9.76,6.7,2,3.1,3058,659000
1318000,186.9,5,6.73,2.7,4,8.5,4702,375000
468000,76,2,10.12,19.1,2,8.8,6849,436000
985000,131.1,4,1.65,18.5,4,8.7,7656,526000
654000,103.8,3,0.5,21.1,2,6.3,3619,458000
274000,42.2,1,9.54,12.6,1,6.5,5380,439000
150000,30,1,7.92,19.1,1,4.8,9129,316000
512000,59.8,1,0.5,8.1,1,5.2,3868,298000
411000,79.5,2,18.78,10.8,2,8.3,3483,477000
1027000,178.3,5,14.23,1,4,6.2,812,564000
509000,86.2,2,3.06,11.7,1,6.6,5204,368000
1102000,170,4,0.79,14.5,4,6.8,5125,533000
544000,61.4,2,12.25,7.6,2,6.5,2592,356000
586000,99.7,3,6.63,11.3,3,6.7,4205,381000
562000,107.7,3,11.16,25.8,3,7.2,800,574000
150000,72.6,2,30.41,22.2,2,7.8,800,385000
1091000,155,5,0.5,15.1,4,3.7,2875,572000
833000,137.8,3,6.5,30.5,3,6.1,4918,528000
1223000,179.4,4,0.5,3.2,4,6.1,6912,607000
632000,90.4,3,3.9,21,3,7.6,7737,588000
1137000,160.6,5,1.35,6.4,4,4.8,7943,549000
731000,133.8,3,15.55,6,3,7.8,2263,426000
1269000,218.5,5,0.5,17.8,4,7.6,3660,563000
227000,30,1,6.5,5.8,1,4.9,2115,444000
487000,89.6,2,9.31,13.1,1,8.5,1630,317000
635000,90.7,2,3.91,11.6,2,5.8,4919,453000
349000,89.7,3,6.98,19.9,3,2,2628,468000
988000,165.6,4,9.59,17,3,10,4817,455000
932000,106.1,2,0.5,1.8,1,5.1,4445,497000
556000,75.8,2,1.81,15,2,7.9,2818,417000
864000,142.2,4,0.5,16,3,3.7,3107,401000
685000,123.8,3,15.43,12.2,3,6.5,4706,534000
786000,103,3,4.02,6.9,3,4.5,7009,443000
797000,90.6,2,3.96,12.7,2,10,2030,447000
960000,169.1,4,9.83,20.8,4,5.4,5447,479000
150000,30,1,7.64,17,1,5.2,2627,372000
493000,92.9,3,15,12.8,3,8.4,6014,367000
310000,32.5,1,0.5,10.4,1,5.9,4886,383000
639000,118.1,3,10.15,9.2,3,7.2,3548,450000
553000,120.6,3,13.65,9.9,2,3.5,3770,499000
313000,142.5,3,24.18,20.4,2,5.8,2497,519000
1156000,172.2,5,0.93,18.1,4,5.7,2981,513000
626000,103.4,3,6.07,10.9,2,7.4,3041,498000
856000,110.7,4,3.71,3.2,4,6.2,1374,565000
230000,40.3,1,19.88,4.2,1,8,3699,467000
150000,46.6,2,16.88,12.2,1,6.5,6797,475000
1454000,190.3,5,0.5,3,4,5.8,5704,439000
594000,87.9,2,5.83,5.9,2,5.6,7090,509000
219000,59,2,13.78,11,2,4.5,4803,225000
571000,121.9,3,26.02,7.1,2,8.2,800,391000
1062000,137.7,3,0.99,4.6,3,8.6,8181,441000
470000,142,3,13.74,12.8,3,2,2362,401000
292000,36.9,1,7.41,15.4,1,4.5,4030,413000
556000,90.5,3,9.86,13.1,2,5.3,4754,435000
269000,56.9,2,4.28,6.9,1,4.8,4879,252000
828000,124.6,3,0.5,11.7,2,3.4,6980,353000
608000,82.3,3,8.08,15.8,2,7.5,3250,333000
338000,61.3,2,5.24,12.7,1,5.3,2226,349000
928000,141.3,4,2.29,13.1,3,5.8,2782,642000
602000,54.9,2,1.68,4,2,10,4092,392000
469000,69.4,3,7.09,10.3,3,5.2,3690,432000
709000,91.9,3,2.55,18.1,2,7.8,5036,587000
150000,36.3,1,11.93,22.7,1,4.7,1705,487000
830000,113,3,0.5,17.5,3,4.2,6431,374000
537000,73.6,3,6.34,20.3,2,9.1,8504,436000
986000,159.2,5,6.37,9.2,4,3.6,5715,516000
1030000,188.6,4,10.04,16.6,4,4.7,4926,568000
792000,142.5,3,14.51,5.8,3,8.7,800,439000
886000,131.8,5,6.34,9.8,4,8.1,6519,483000
150000,81.7,3,18.65,40.9,2,6.2,4809,342000
619000,134.3,3,20.36,5.4,3,3.8,3183,555000
402000,112.2,3,20.59,11.2,2,4.1,800,580000
507000,86,2,17.3,13.3,2,7.9,4021,495000
668000,102.6,3,6.78,9.1,3,4.3,2536,417000
1115000,180.4,5,5.46,12.6,4,5.7,4257,532000
902000,141.7,3,7.69,8.1,3,4.3,4830,512000
444000,57.6,1,2.86,7.8,1,5.1,2244,452000
432000,104.5,3,28.63,5.9,2,6.7,3052,419000
459000,78.7,2,9.64,5,2,8.9,4105,465000
1297000,210.1,5,11.7,1.6,4,6.4,5327,592000
150000,67.3,2,22.22,13,2,3.6,3305,541000
815000,121.7,3,0.68,0,2,3.5,6615,405000
173000,82.5,2,28.11,11.1,1,9.8,4764,296000
1119000,153.3,5,0.5,6.6,4,3.9,4499,416000
480000,79.6,3,8.22,13.8,3,5.5,3708,364000
412000,64.1,2,7.19,10.8,2,4.6,3882,527000
1325000,210.7,5,6.83,11,4,5,3301,522000
998000,132.3,4,0.5,17.8,4,7.9,5122,499000
891000,133.3,4,8.14,2.7,4,5,2189,696000
1099000,152,5,4.43,13.4,4,5,5010,419000
652000,74.4,2,4.55,6.6,1,6.7,800,550000
509000,34.4,1,5.23,1.6,1,6.9,7312,369000
150000,74.4,2,38.22,21,1,5.4,1174,264000
475000,61.7,2,0.5,9.3,2,6.3,6287,376000
634000,102.8,4,15.06,6,3,9.9,4957,535000
1207000,168.9,4,5.15,2.7,4,8.5,5447,424000
580000,130.4,4,12.11,22.7,4,4.5,5026,580000
715000,126.1,4,8.55,9,3,6.7,5718,528000
1209000,170.7,5,4.05,8.4,4,6.2,1113,573000
1147000,142,4,2.27,10.6,4,5.8,4660,401000
319000,62.2,2,4.92,12.3,1,6.9,5638,367000
150000,30,1,20.74,3.9,1,3.5,800,324000
310000,111.4,3,23.41,16.8,3,6.9,929,403000
1005000,113.5,4,0.5,6.4,4,6.6,4678,642000
555000,90.7,3,9.55,12.4,3,5.9,2740,397000
176000,69.4,2,19.2,7.1,2,6.9,3954,462000
872000,180.8,4,6.58,22.4,3,5.8,5145,469000
428000,113.4,2,11.01,27,2,4.8,3704,438000
1045000,181.3,4,7.8,6.9,4,4.4,2789,413000
386000,50.8,1,1.87,17.8,1,6.2,5825,401000
832000,116.8,3,5.65,2.1,2,7.6,5474,361000
150000,33.8,1,6.41,6.9,1,4.8,4153,447000
765000,127.3,3,2.53,10.9,3,6.5,6133,323000
150000,44.9,2,16.44,6,1,4.6,8204,380000
683000,72.5,3,4.05,13.2,2,5.3,7631,501000
725000,99,3,9.74,16.6,3,5,800,471000
782000,141.5,4,9.06,13.4,4,8.2,3359,526000
741000,105.2,3,3.49,17.2,2,6.7,4865,526000
592000,85.9,3,8.2,10.2,3,10,4657,525000
308000,68.6,3,12.92,15.9,2,6.3,4172,437000
929000,154.7,5,6.04,16.4,4,7.8,4746,592000
383000,88,2,12.12,14.5,2,6.6,5083,445000
150000,99.9,3,25.13,22,3,4.1,1146,573000
784000,108.3,3,3.13,10.5,2,5.3,3293,404000
489000,65.7,2,2.8,4.4,1,4.5,1316,396000
732000,118.7,4,0.91,21.1,4,4.4,2290,410000
622000,119.5,3,7.14,24.4,3,4.8,5666,176000
599000,75.3,3,3.27,3.3,3,4.5,6639,420000
695000,79.4,3,1.6,6.5,2,5.5,3663,459000
360000,59.7,2,6.36,12.9,2,1,3750,429000
258000,67.7,2,5.76,14.3,1,3.1,6732,406000
1442000,213,5,4.14,7.6,4,8.3,4466,572000
779000,129.8,3,1.04,20.5,3,4.2,4437,555000
656000,93.3,3,6.32,4.1,2,9.4,3569,432000
991000,144.6,3,1.68,5.3,2,7.1,6955,558000
806000,101.2,3,0.5,8.7,2,7.2,6914,520000
1040000,157.2,4,6.3,6.5,3,6.8,4649,605000
542000,81,3,12.5,14.9,3,10,4401,487000
603000,126.7,3,11.64,11.7,2,6.2,2949,367000
563000,123.9,3,15.23,35,3,10,1812,643000
403000,49.6,1,1.01,7,1,9.7,2533,456000
773000,92.2,3,4.23,11.1,3,8.3,3097,582000
150000,50.6,1,9.06,17.2,1,3.9,2880,373000
570000,78.7,2,2.67,20.8,2,4.6,5019,472000
360000,66.8,2,2.49,5.3,2,5.8,3575,236000
1201000,147.9,5,2.37,15.4,4,6.9,7209,469000
314000,65.5,2,7.63,21.8,1,8.5,6034,355000
1308000,168.4,5,6.15,15.2,4,9.6,3746,488000
862000,144.5,3,0.61,5.9,2,5,3522,482000
504000,77.5,2,10.78,0,1,5.1,8306,534000
978000,152.7,4,3.19,7.9,4,8.3,2220,486000
1256000,171.4,5,3.83,2.2,4,6.1,3724,420000
857000,145.4,3,12.92,2,2,4.8,6167,451000
775000,119.9,3,4.59,8.8,3,6.8,2152,542000
279000,77.6,2,6.53,18.8,1,6.1,4921,441000
782000,122.9,3,1.25,9.2,3,3.8,5690,678000
732000,88.1,2,0.5,12.5,2,6.7,4511,316000
1117000,150.3,4,1.68,7.9,4,5.7,4768,515000
883000,142.7,4,14.27,10.5,4,7.2,4223,607000
801000,111.6,4,5.44,4.9,3,4.8,3847,499000
531000,114.7,3,23.72,2.1,3,3.1,2234,603000
1028000,153,5,10.53,10.9,4,6.7,4404,518000
150000,42.9,2,48.58,0.1,1,9.4,800,435000
816000,137.1,3,6.77,8.5,3,4.4,3314,466000
1388000,208.5,5,6.52,11.4,4,5.7,6311,721000
690000,120,4,0.5,15.5,3,5.7,2480,434000
614000,91.5,2,11.65,3,1,8.6,2360,403000
801000,100.8,3,0.65,6.3,2,4.4,6285,554000
737000,68.1,2,0.86,11.8,1,8.4,7901,480000
864000,105.8,3,0.5,8,3,5,4609,476000
203000,87.9,3,28.83,5.3,2,4.7,800,369000
1085000,144.5,5,2.3,8.4,4,5.4,5706,451000
608000,109.5,4,2.44,31.5,3,5.3,2952,482000
470000,171.7,4,39.18,6.6,3,5.4,800,419000
384000,66.2,2,15.57,20,1,7.8,3709,415000
970000,121.4,3,10.31,11,2,8.6,4775,556000
685000,93,3,4.74,15.4,2,5.6,4147,414000
1038000,149.8,4,1.62,0,3,3,3061,473000
841000,128.2,3,15.74,6.1,2,7.6,7756,505000
150000,30,1,10.69,5.2,1,4.1,6009,433000
